domain,source_domain_label,attempt_index,master_seed,replicate,trajectory_seed,status,kappa_mu,p_star,area_reference,kappa,ramp_generations,hold_generations,horizon,normalised_barrier_increase,source_artifact_id,source_artifact_digest,endpoint,diversity_id,relative_decline_fraction,baseline_eligible,warning_time,trait_loss_time,lead_time_trait_minus_warning,category,valid_pair
recalibrated_symmetric_domain,symmetric_bridge,0,20270710,0,1540354455,completed,0.2,0.5,0.8,6.0,30,210,240,0.2,8343958766,sha256:c1b42fc9e6ac912a44667ef4cee02090fab37d50fc3a9928c46ae728c0610f58,H_alpha_0.05,H_alpha,0.05,True,4,225,221,lead,True
recalibrated_symmetric_domain,symmetric_bridge,0,20270710,0,1540354455,completed,0.2,0.5,0.8,6.0,30,210,240,0.2,8343958766,sha256:c1b42fc9e6ac912a44667ef4cee02090fab37d50fc3a9928c46ae728c0610f58,H_alpha_0.10,H_alpha,0.1,True,4,225,221,lead,True
recalibrated_symmetric_domain,symmetric_bridge,0,20270710,0,1540354455,completed,0.2,0.5,0.8,6.0,30,210,240,0.2,8343958766,sha256:c1b42fc9e6ac912a44667ef4cee02090fab37d50fc3a9928c46ae728c0610f58,H_alpha_0.20,H_alpha,0.2,True,19,225,206,lead,True
recalibrated_symmetric_domain,symmetric_bridge,0,20270710,0,1540354455,completed,0.2,0.5,0.8,6.0,30,210,240,0.2,8343958766,sha256:c1b42fc9e6ac912a44667ef4cee02090fab37d50fc3a9928c46ae728c0610f58,H_gamma_0.05,H_gamma,0.05,True,11,225,214,lead,True
recalibrated_symmetric_domain,symmetric_bridge,0,20270710,0,1540354455,completed,0.2,0.5,0.8,6.0,30,210,240,0.2,8343958766,sha256:c1b42fc9e6ac912a44667ef4cee02090fab37d50fc3a9928c46ae728c0610f58,H_gamma_0.10,H_gamma,0.1,True,11,225,214,lead,True
recalibrated_symmetric_domain,symmetric_bridge,0,20270710,0,1540354455,completed,0.2,0.5,0.8,6.0,30,210,240,0.2,8343958766,sha256:c1b42fc9e6ac912a44667ef4cee02090fab37d50fc3a9928c46ae728c0610f58,H_gamma_0.20,H_gamma,0.2,True,39,225,186,lead,True
recalibrated_symmetric_domain,symmetric_bridge,1,20270710,1,1540354556,completed,0.2,0.5,0.8,6.0,30,210,240,0.2,8343958766,sha256:c1b42fc9e6ac912a44667ef4cee02090fab37d50fc3a9928c46ae728c0610f58,H_alpha_0.05,H_alpha,0.05,True,3,106,103,lead,True
recalibrated_symmetric_domain,symmetric_bridge,1,20270710,1,1540354556,completed,0.2,0.5,0.8,6.0,30,210,240,0.2,8343958766,sha256:c1b42fc9e6ac912a44667ef4cee02090fab37d50fc3a9928c46ae728c0610f58,H_alpha_0.10,H_alpha,0.1,True,5,106,101,lead,True
recalibrated_symmetric_domain,symmetric_bridge,1,20270710,1,1540354556,completed,0.2,0.5,0.8,6.0,30,210,240,0.2,8343958766,sha256:c1b42fc9e6ac912a44667ef4cee02090fab37d50fc3a9928c46ae728c0610f58,H_alpha_0.20,H_alpha,0.2,True,11,106,95,lead,True
recalibrated_symmetric_domain,symmetric_bridge,1,20270710,1,1540354556,completed,0.2,0.5,0.8,6.0,30,210,240,0.2,8343958766,sha256:c1b42fc9e6ac912a44667ef4cee02090fab37d50fc3a9928c46ae728c0610f58,H_gamma_0.05,H_gamma,0.05,True,8,106,98,lead,True
recalibrated_symmetric_domain,symmetric_bridge,1,20270710,1,1540354556,completed,0.2,0.5,0.8,6.0,30,210,240,0.2,8343958766,sha256:c1b42fc9e6ac912a44667ef4cee02090fab37d50fc3a9928c46ae728c0610f58,H_gamma_0.10,H_gamma,0.1,True,9,106,97,lead,True
recalibrated_symmetric_domain,symmetric_bridge,1,20270710,1,1540354556,completed,0.2,0.5,0.8,6.0,30,210,240,0.2,8343958766,sha256:c1b42fc9e6ac912a44667ef4cee02090fab37d50fc3a9928c46ae728c0610f58,H_gamma_0.20,H_gamma,0.2,True,19,106,87,lead,True
recalibrated_symmetric_domain,symmetric_bridge,2,20270710,2,1540354657,source_preparation_failed,0.2,0.5,0.8,6.0,30,210,240,0.2,8343958766,sha256:c1b42fc9e6ac912a44667ef4cee02090fab37d50fc3a9928c46ae728c0610f58,H_alpha_0.05,H_alpha,0.05,False,,,,source_preparation_failed,False
recalibrated_symmetric_domain,symmetric_bridge,2,20270710,2,1540354657,source_preparation_failed,0.2,0.5,0.8,6.0,30,210,240,0.2,8343958766,sha256:c1b42fc9e6ac912a44667ef4cee02090fab37d50fc3a9928c46ae728c0610f58,H_alpha_0.10,H_alpha,0.1,False,,,,source_preparation_failed,False
recalibrated_symmetric_domain,symmetric_bridge,2,20270710,2,1540354657,source_preparation_failed,0.2,0.5,0.8,6.0,30,210,240,0.2,8343958766,sha256:c1b42fc9e6ac912a44667ef4cee02090fab37d50fc3a9928c46ae728c0610f58,H_alpha_0.20,H_alpha,0.2,False,,,,source_preparation_failed,False
recalibrated_symmetric_domain,symmetric_bridge,2,20270710,2,1540354657,source_preparation_failed,0.2,0.5,0.8,6.0,30,210,240,0.2,8343958766,sha256:c1b42fc9e6ac912a44667ef4cee02090fab37d50fc3a9928c46ae728c0610f58,H_gamma_0.05,H_gamma,0.05,False,,,,source_preparation_failed,False
recalibrated_symmetric_domain,symmetric_bridge,2,20270710,2,1540354657,source_preparation_failed,0.2,0.5,0.8,6.0,30,210,240,0.2,8343958766,sha256:c1b42fc9e6ac912a44667ef4cee02090fab37d50fc3a9928c46ae728c0610f58,H_gamma_0.10,H_gamma,0.1,False,,,,source_preparation_failed,False
recalibrated_symmetric_domain,symmetric_bridge,2,20270710,2,1540354657,source_preparation_failed,0.2,0.5,0.8,6.0,30,210,240,0.2,8343958766,sha256:c1b42fc9e6ac912a44667ef4cee02090fab37d50fc3a9928c46ae728c0610f58,H_gamma_0.20,H_gamma,0.2,False,,,,source_preparation_failed,False
recalibrated_symmetric_domain,symmetric_bridge,3,20270710,3,1540354758,completed,0.2,0.5,0.8,6.0,30,210,240,0.2,8343958766,sha256:c1b42fc9e6ac912a44667ef4cee02090fab37d50fc3a9928c46ae728c0610f58,H_alpha_0.05,H_alpha,0.05,True,8,197,189,lead,True
recalibrated_symmetric_domain,symmetric_bridge,3,20270710,3,1540354758,completed,0.2,0.5,0.8,6.0,30,210,240,0.2,8343958766,sha256:c1b42fc9e6ac912a44667ef4cee02090fab37d50fc3a9928c46ae728c0610f58,H_alpha_0.10,H_alpha,0.1,True,12,197,185,lead,True
recalibrated_symmetric_domain,symmetric_bridge,3,20270710,3,1540354758,completed,0.2,0.5,0.8,6.0,30,210,240,0.2,8343958766,sha256:c1b42fc9e6ac912a44667ef4cee02090fab37d50fc3a9928c46ae728c0610f58,H_alpha_0.20,H_alpha,0.2,True,13,197,184,lead,True
recalibrated_symmetric_domain,symmetric_bridge,3,20270710,3,1540354758,completed,0.2,0.5,0.8,6.0,30,210,240,0.2,8343958766,sha256:c1b42fc9e6ac912a44667ef4cee02090fab37d50fc3a9928c46ae728c0610f58,H_gamma_0.05,H_gamma,0.05,True,12,197,185,lead,True
recalibrated_symmetric_domain,symmetric_bridge,3,20270710,3,1540354758,completed,0.2,0.5,0.8,6.0,30,210,240,0.2,8343958766,sha256:c1b42fc9e6ac912a44667ef4cee02090fab37d50fc3a9928c46ae728c0610f58,H_gamma_0.10,H_gamma,0.1,True,13,197,184,lead,True
recalibrated_symmetric_domain,symmetric_bridge,3,20270710,3,1540354758,completed,0.2,0.5,0.8,6.0,30,210,240,0.2,8343958766,sha256:c1b42fc9e6ac912a44667ef4cee02090fab37d50fc3a9928c46ae728c0610f58,H_gamma_0.20,H_gamma,0.2,True,41,197,156,lead,True
recalibrated_symmetric_domain,symmetric_bridge,4,20270710,4,1540354859,completed,0.2,0.5,0.8,6.0,30,210,240,0.2,8343958766,sha256:c1b42fc9e6ac912a44667ef4cee02090fab37d50fc3a9928c46ae728c0610f58,H_alpha_0.05,H_alpha,0.05,True,5,109,104,lead,True
recalibrated_symmetric_domain,symmetric_bridge,4,20270710,4,1540354859,completed,0.2,0.5,0.8,6.0,30,210,240,0.2,8343958766,sha256:c1b42fc9e6ac912a44667ef4cee02090fab37d50fc3a9928c46ae728c0610f58,H_alpha_0.10,H_alpha,0.1,True,12,109,97,lead,True
recalibrated_symmetric_domain,symmetric_bridge,4,20270710,4,1540354859,completed,0.2,0.5,0.8,6.0,30,210,240,0.2,8343958766,sha256:c1b42fc9e6ac912a44667ef4cee02090fab37d50fc3a9928c46ae728c0610f58,H_alpha_0.20,H_alpha,0.2,True,38,109,71,lead,True
recalibrated_symmetric_domain,symmetric_bridge,4,20270710,4,1540354859,completed,0.2,0.5,0.8,6.0,30,210,240,0.2,8343958766,sha256:c1b42fc9e6ac912a44667ef4cee02090fab37d50fc3a9928c46ae728c0610f58,H_gamma_0.05,H_gamma,0.05,True,38,109,71,lead,True
recalibrated_symmetric_domain,symmetric_bridge,4,20270710,4,1540354859,completed,0.2,0.5,0.8,6.0,30,210,240,0.2,8343958766,sha256:c1b42fc9e6ac912a44667ef4cee02090fab37d50fc3a9928c46ae728c0610f58,H_gamma_0.10,H_gamma,0.1,True,38,109,71,lead,True
recalibrated_symmetric_domain,symmetric_bridge,4,20270710,4,1540354859,completed,0.2,0.5,0.8,6.0,30,210,240,0.2,8343958766,sha256:c1b42fc9e6ac912a44667ef4cee02090fab37d50fc3a9928c46ae728c0610f58,H_gamma_0.20,H_gamma,0.2,True,39,109,70,lead,True
recalibrated_symmetric_domain,symmetric_bridge,5,20270710,5,1540354960,completed,0.2,0.5,0.8,6.0,30,210,240,0.2,8343958766,sha256:c1b42fc9e6ac912a44667ef4cee02090fab37d50fc3a9928c46ae728c0610f58,H_alpha_0.05,H_alpha,0.05,True,4,,,trait_loss_censored,False
recalibrated_symmetric_domain,symmetric_bridge,5,20270710,5,1540354960,completed,0.2,0.5,0.8,6.0,30,210,240,0.2,8343958766,sha256:c1b42fc9e6ac912a44667ef4cee02090fab37d50fc3a9928c46ae728c0610f58,H_alpha_0.10,H_alpha,0.1,True,4,,,trait_loss_censored,False
recalibrated_symmetric_domain,symmetric_bridge,5,20270710,5,1540354960,completed,0.2,0.5,0.8,6.0,30,210,240,0.2,8343958766,sha256:c1b42fc9e6ac912a44667ef4cee02090fab37d50fc3a9928c46ae728c0610f58,H_alpha_0.20,H_alpha,0.2,True,5,,,trait_loss_censored,False
recalibrated_symmetric_domain,symmetric_bridge,5,20270710,5,1540354960,completed,0.2,0.5,0.8,6.0,30,210,240,0.2,8343958766,sha256:c1b42fc9e6ac912a44667ef4cee02090fab37d50fc3a9928c46ae728c0610f58,H_gamma_0.05,H_gamma,0.05,True,6,,,trait_loss_censored,False
recalibrated_symmetric_domain,symmetric_bridge,5,20270710,5,1540354960,completed,0.2,0.5,0.8,6.0,30,210,240,0.2,8343958766,sha256:c1b42fc9e6ac912a44667ef4cee02090fab37d50fc3a9928c46ae728c0610f58,H_gamma_0.10,H_gamma,0.1,True,6,,,trait_loss_censored,False
recalibrated_symmetric_domain,symmetric_bridge,5,20270710,5,1540354960,completed,0.2,0.5,0.8,6.0,30,210,240,0.2,8343958766,sha256:c1b42fc9e6ac912a44667ef4cee02090fab37d50fc3a9928c46ae728c0610f58,H_gamma_0.20,H_gamma,0.2,True,21,,,trait_loss_censored,False
recalibrated_symmetric_domain,symmetric_bridge,6,20270710,6,1540355061,source_preparation_failed,0.2,0.5,0.8,6.0,30,210,240,0.2,8343958766,sha256:c1b42fc9e6ac912a44667ef4cee02090fab37d50fc3a9928c46ae728c0610f58,H_alpha_0.05,H_alpha,0.05,False,,,,source_preparation_failed,False
recalibrated_symmetric_domain,symmetric_bridge,6,20270710,6,1540355061,source_preparation_failed,0.2,0.5,0.8,6.0,30,210,240,0.2,8343958766,sha256:c1b42fc9e6ac912a44667ef4cee02090fab37d50fc3a9928c46ae728c0610f58,H_alpha_0.10,H_alpha,0.1,False,,,,source_preparation_failed,False
recalibrated_symmetric_domain,symmetric_bridge,6,20270710,6,1540355061,source_preparation_failed,0.2,0.5,0.8,6.0,30,210,240,0.2,8343958766,sha256:c1b42fc9e6ac912a44667ef4cee02090fab37d50fc3a9928c46ae728c0610f58,H_alpha_0.20,H_alpha,0.2,False,,,,source_preparation_failed,False
recalibrated_symmetric_domain,symmetric_bridge,6,20270710,6,1540355061,source_preparation_failed,0.2,0.5,0.8,6.0,30,210,240,0.2,8343958766,sha256:c1b42fc9e6ac912a44667ef4cee02090fab37d50fc3a9928c46ae728c0610f58,H_gamma_0.05,H_gamma,0.05,False,,,,source_preparation_failed,False
recalibrated_symmetric_domain,symmetric_bridge,6,20270710,6,1540355061,source_preparation_failed,0.2,0.5,0.8,6.0,30,210,240,0.2,8343958766,sha256:c1b42fc9e6ac912a44667ef4cee02090fab37d50fc3a9928c46ae728c0610f58,H_gamma_0.10,H_gamma,0.1,False,,,,source_preparation_failed,False
recalibrated_symmetric_domain,symmetric_bridge,6,20270710,6,1540355061,source_preparation_failed,0.2,0.5,0.8,6.0,30,210,240,0.2,8343958766,sha256:c1b42fc9e6ac912a44667ef4cee02090fab37d50fc3a9928c46ae728c0610f58,H_gamma_0.20,H_gamma,0.2,False,,,,source_preparation_failed,False
recalibrated_symmetric_domain,symmetric_bridge,7,20270710,7,1540355162,completed,0.2,0.5,0.8,6.0,30,210,240,0.2,8343958766,sha256:c1b42fc9e6ac912a44667ef4cee02090fab37d50fc3a9928c46ae728c0610f58,H_alpha_0.05,H_alpha,0.05,True,5,77,72,lead,True
recalibrated_symmetric_domain,symmetric_bridge,7,20270710,7,1540355162,completed,0.2,0.5,0.8,6.0,30,210,240,0.2,8343958766,sha256:c1b42fc9e6ac912a44667ef4cee02090fab37d50fc3a9928c46ae728c0610f58,H_alpha_0.10,H_alpha,0.1,True,6,77,71,lead,True
recalibrated_symmetric_domain,symmetric_bridge,7,20270710,7,1540355162,completed,0.2,0.5,0.8,6.0,30,210,240,0.2,8343958766,sha256:c1b42fc9e6ac912a44667ef4cee02090fab37d50fc3a9928c46ae728c0610f58,H_alpha_0.20,H_alpha,0.2,True,6,77,71,lead,True
recalibrated_symmetric_domain,symmetric_bridge,7,20270710,7,1540355162,completed,0.2,0.5,0.8,6.0,30,210,240,0.2,8343958766,sha256:c1b42fc9e6ac912a44667ef4cee02090fab37d50fc3a9928c46ae728c0610f58,H_gamma_0.05,H_gamma,0.05,True,8,77,69,lead,True
recalibrated_symmetric_domain,symmetric_bridge,7,20270710,7,1540355162,completed,0.2,0.5,0.8,6.0,30,210,240,0.2,8343958766,sha256:c1b42fc9e6ac912a44667ef4cee02090fab37d50fc3a9928c46ae728c0610f58,H_gamma_0.10,H_gamma,0.1,True,8,77,69,lead,True
recalibrated_symmetric_domain,symmetric_bridge,7,20270710,7,1540355162,completed,0.2,0.5,0.8,6.0,30,210,240,0.2,8343958766,sha256:c1b42fc9e6ac912a44667ef4cee02090fab37d50fc3a9928c46ae728c0610f58,H_gamma_0.20,H_gamma,0.2,True,30,77,47,lead,True
recalibrated_symmetric_domain,symmetric_bridge,8,20270710,8,1540355263,completed,0.2,0.5,0.8,6.0,30,210,240,0.2,8343958766,sha256:c1b42fc9e6ac912a44667ef4cee02090fab37d50fc3a9928c46ae728c0610f58,H_alpha_0.05,H_alpha,0.05,True,3,69,66,lead,True
recalibrated_symmetric_domain,symmetric_bridge,8,20270710,8,1540355263,completed,0.2,0.5,0.8,6.0,30,210,240,0.2,8343958766,sha256:c1b42fc9e6ac912a44667ef4cee02090fab37d50fc3a9928c46ae728c0610f58,H_alpha_0.10,H_alpha,0.1,True,4,69,65,lead,True
recalibrated_symmetric_domain,symmetric_bridge,8,20270710,8,1540355263,completed,0.2,0.5,0.8,6.0,30,210,240,0.2,8343958766,sha256:c1b42fc9e6ac912a44667ef4cee02090fab37d50fc3a9928c46ae728c0610f58,H_alpha_0.20,H_alpha,0.2,True,17,69,52,lead,True
recalibrated_symmetric_domain,symmetric_bridge,8,20270710,8,1540355263,completed,0.2,0.5,0.8,6.0,30,210,240,0.2,8343958766,sha256:c1b42fc9e6ac912a44667ef4cee02090fab37d50fc3a9928c46ae728c0610f58,H_gamma_0.05,H_gamma,0.05,True,9,69,60,lead,True
recalibrated_symmetric_domain,symmetric_bridge,8,20270710,8,1540355263,completed,0.2,0.5,0.8,6.0,30,210,240,0.2,8343958766,sha256:c1b42fc9e6ac912a44667ef4cee02090fab37d50fc3a9928c46ae728c0610f58,H_gamma_0.10,H_gamma,0.1,True,17,69,52,lead,True
recalibrated_symmetric_domain,symmetric_bridge,8,20270710,8,1540355263,completed,0.2,0.5,0.8,6.0,30,210,240,0.2,8343958766,sha256:c1b42fc9e6ac912a44667ef4cee02090fab37d50fc3a9928c46ae728c0610f58,H_gamma_0.20,H_gamma,0.2,True,17,69,52,lead,True
recalibrated_symmetric_domain,symmetric_bridge,9,20270710,9,1540355364,source_preparation_failed,0.2,0.5,0.8,6.0,30,210,240,0.2,8343958766,sha256:c1b42fc9e6ac912a44667ef4cee02090fab37d50fc3a9928c46ae728c0610f58,H_alpha_0.05,H_alpha,0.05,False,,,,source_preparation_failed,False
recalibrated_symmetric_domain,symmetric_bridge,9,20270710,9,1540355364,source_preparation_failed,0.2,0.5,0.8,6.0,30,210,240,0.2,8343958766,sha256:c1b42fc9e6ac912a44667ef4cee02090fab37d50fc3a9928c46ae728c0610f58,H_alpha_0.10,H_alpha,0.1,False,,,,source_preparation_failed,False
recalibrated_symmetric_domain,symmetric_bridge,9,20270710,9,1540355364,source_preparation_failed,0.2,0.5,0.8,6.0,30,210,240,0.2,8343958766,sha256:c1b42fc9e6ac912a44667ef4cee02090fab37d50fc3a9928c46ae728c0610f58,H_alpha_0.20,H_alpha,0.2,False,,,,source_preparation_failed,False
recalibrated_symmetric_domain,symmetric_bridge,9,20270710,9,1540355364,source_preparation_failed,0.2,0.5,0.8,6.0,30,210,240,0.2,8343958766,sha256:c1b42fc9e6ac912a44667ef4cee02090fab37d50fc3a9928c46ae728c0610f58,H_gamma_0.05,H_gamma,0.05,False,,,,source_preparation_failed,False
recalibrated_symmetric_domain,symmetric_bridge,9,20270710,9,1540355364,source_preparation_failed,0.2,0.5,0.8,6.0,30,210,240,0.2,8343958766,sha256:c1b42fc9e6ac912a44667ef4cee02090fab37d50fc3a9928c46ae728c0610f58,H_gamma_0.10,H_gamma,0.1,False,,,,source_preparation_failed,False
recalibrated_symmetric_domain,symmetric_bridge,9,20270710,9,1540355364,source_preparation_failed,0.2,0.5,0.8,6.0,30,210,240,0.2,8343958766,sha256:c1b42fc9e6ac912a44667ef4cee02090fab37d50fc3a9928c46ae728c0610f58,H_gamma_0.20,H_gamma,0.2,False,,,,source_preparation_failed,False
recalibrated_symmetric_domain,symmetric_bridge,10,20270710,10,1540355465,completed,0.2,0.5,0.8,6.0,30,210,240,0.2,8343958766,sha256:c1b42fc9e6ac912a44667ef4cee02090fab37d50fc3a9928c46ae728c0610f58,H_alpha_0.05,H_alpha,0.05,True,6,192,186,lead,True
recalibrated_symmetric_domain,symmetric_bridge,10,20270710,10,1540355465,completed,0.2,0.5,0.8,6.0,30,210,240,0.2,8343958766,sha256:c1b42fc9e6ac912a44667ef4cee02090fab37d50fc3a9928c46ae728c0610f58,H_alpha_0.10,H_alpha,0.1,True,8,192,184,lead,True
recalibrated_symmetric_domain,symmetric_bridge,10,20270710,10,1540355465,completed,0.2,0.5,0.8,6.0,30,210,240,0.2,8343958766,sha256:c1b42fc9e6ac912a44667ef4cee02090fab37d50fc3a9928c46ae728c0610f58,H_alpha_0.20,H_alpha,0.2,True,9,192,183,lead,True
recalibrated_symmetric_domain,symmetric_bridge,10,20270710,10,1540355465,completed,0.2,0.5,0.8,6.0,30,210,240,0.2,8343958766,sha256:c1b42fc9e6ac912a44667ef4cee02090fab37d50fc3a9928c46ae728c0610f58,H_gamma_0.05,H_gamma,0.05,True,8,192,184,lead,True
recalibrated_symmetric_domain,symmetric_bridge,10,20270710,10,1540355465,completed,0.2,0.5,0.8,6.0,30,210,240,0.2,8343958766,sha256:c1b42fc9e6ac912a44667ef4cee02090fab37d50fc3a9928c46ae728c0610f58,H_gamma_0.10,H_gamma,0.1,True,9,192,183,lead,True
recalibrated_symmetric_domain,symmetric_bridge,10,20270710,10,1540355465,completed,0.2,0.5,0.8,6.0,30,210,240,0.2,8343958766,sha256:c1b42fc9e6ac912a44667ef4cee02090fab37d50fc3a9928c46ae728c0610f58,H_gamma_0.20,H_gamma,0.2,True,9,192,183,lead,True
recalibrated_symmetric_domain,symmetric_bridge,11,20270710,11,1540355566,completed,0.2,0.5,0.8,6.0,30,210,240,0.2,8343958766,sha256:c1b42fc9e6ac912a44667ef4cee02090fab37d50fc3a9928c46ae728c0610f58,H_alpha_0.05,H_alpha,0.05,True,2,15,13,lead,True
recalibrated_symmetric_domain,symmetric_bridge,11,20270710,11,1540355566,completed,0.2,0.5,0.8,6.0,30,210,240,0.2,8343958766,sha256:c1b42fc9e6ac912a44667ef4cee02090fab37d50fc3a9928c46ae728c0610f58,H_alpha_0.10,H_alpha,0.1,True,2,15,13,lead,True
recalibrated_symmetric_domain,symmetric_bridge,11,20270710,11,1540355566,completed,0.2,0.5,0.8,6.0,30,210,240,0.2,8343958766,sha256:c1b42fc9e6ac912a44667ef4cee02090fab37d50fc3a9928c46ae728c0610f58,H_alpha_0.20,H_alpha,0.2,True,3,15,12,lead,True
recalibrated_symmetric_domain,symmetric_bridge,11,20270710,11,1540355566,completed,0.2,0.5,0.8,6.0,30,210,240,0.2,8343958766,sha256:c1b42fc9e6ac912a44667ef4cee02090fab37d50fc3a9928c46ae728c0610f58,H_gamma_0.05,H_gamma,0.05,True,2,15,13,lead,True
recalibrated_symmetric_domain,symmetric_bridge,11,20270710,11,1540355566,completed,0.2,0.5,0.8,6.0,30,210,240,0.2,8343958766,sha256:c1b42fc9e6ac912a44667ef4cee02090fab37d50fc3a9928c46ae728c0610f58,H_gamma_0.10,H_gamma,0.1,True,3,15,12,lead,True
recalibrated_symmetric_domain,symmetric_bridge,11,20270710,11,1540355566,completed,0.2,0.5,0.8,6.0,30,210,240,0.2,8343958766,sha256:c1b42fc9e6ac912a44667ef4cee02090fab37d50fc3a9928c46ae728c0610f58,H_gamma_0.20,H_gamma,0.2,True,3,15,12,lead,True
recalibrated_symmetric_domain,symmetric_bridge,12,20270710,12,1540355667,source_preparation_failed,0.2,0.5,0.8,6.0,30,210,240,0.2,8343958766,sha256:c1b42fc9e6ac912a44667ef4cee02090fab37d50fc3a9928c46ae728c0610f58,H_alpha_0.05,H_alpha,0.05,False,,,,source_preparation_failed,False
recalibrated_symmetric_domain,symmetric_bridge,12,20270710,12,1540355667,source_preparation_failed,0.2,0.5,0.8,6.0,30,210,240,0.2,8343958766,sha256:c1b42fc9e6ac912a44667ef4cee02090fab37d50fc3a9928c46ae728c0610f58,H_alpha_0.10,H_alpha,0.1,False,,,,source_preparation_failed,False
recalibrated_symmetric_domain,symmetric_bridge,12,20270710,12,1540355667,source_preparation_failed,0.2,0.5,0.8,6.0,30,210,240,0.2,8343958766,sha256:c1b42fc9e6ac912a44667ef4cee02090fab37d50fc3a9928c46ae728c0610f58,H_alpha_0.20,H_alpha,0.2,False,,,,source_preparation_failed,False
recalibrated_symmetric_domain,symmetric_bridge,12,20270710,12,1540355667,source_preparation_failed,0.2,0.5,0.8,6.0,30,210,240,0.2,8343958766,sha256:c1b42fc9e6ac912a44667ef4cee02090fab37d50fc3a9928c46ae728c0610f58,H_gamma_0.05,H_gamma,0.05,False,,,,source_preparation_failed,False
recalibrated_symmetric_domain,symmetric_bridge,12,20270710,12,1540355667,source_preparation_failed,0.2,0.5,0.8,6.0,30,210,240,0.2,8343958766,sha256:c1b42fc9e6ac912a44667ef4cee02090fab37d50fc3a9928c46ae728c0610f58,H_gamma_0.10,H_gamma,0.1,False,,,,source_preparation_failed,False
recalibrated_symmetric_domain,symmetric_bridge,12,20270710,12,1540355667,source_preparation_failed,0.2,0.5,0.8,6.0,30,210,240,0.2,8343958766,sha256:c1b42fc9e6ac912a44667ef4cee02090fab37d50fc3a9928c46ae728c0610f58,H_gamma_0.20,H_gamma,0.2,False,,,,source_preparation_failed,False
recalibrated_symmetric_domain,symmetric_bridge,13,20270710,13,1540355768,completed,0.2,0.5,0.8,6.0,30,210,240,0.2,8343958766,sha256:c1b42fc9e6ac912a44667ef4cee02090fab37d50fc3a9928c46ae728c0610f58,H_alpha_0.05,H_alpha,0.05,True,2,168,166,lead,True
recalibrated_symmetric_domain,symmetric_bridge,13,20270710,13,1540355768,completed,0.2,0.5,0.8,6.0,30,210,240,0.2,8343958766,sha256:c1b42fc9e6ac912a44667ef4cee02090fab37d50fc3a9928c46ae728c0610f58,H_alpha_0.10,H_alpha,0.1,True,6,168,162,lead,True
recalibrated_symmetric_domain,symmetric_bridge,13,20270710,13,1540355768,completed,0.2,0.5,0.8,6.0,30,210,240,0.2,8343958766,sha256:c1b42fc9e6ac912a44667ef4cee02090fab37d50fc3a9928c46ae728c0610f58,H_alpha_0.20,H_alpha,0.2,True,9,168,159,lead,True
recalibrated_symmetric_domain,symmetric_bridge,13,20270710,13,1540355768,completed,0.2,0.5,0.8,6.0,30,210,240,0.2,8343958766,sha256:c1b42fc9e6ac912a44667ef4cee02090fab37d50fc3a9928c46ae728c0610f58,H_gamma_0.05,H_gamma,0.05,True,8,168,160,lead,True
recalibrated_symmetric_domain,symmetric_bridge,13,20270710,13,1540355768,completed,0.2,0.5,0.8,6.0,30,210,240,0.2,8343958766,sha256:c1b42fc9e6ac912a44667ef4cee02090fab37d50fc3a9928c46ae728c0610f58,H_gamma_0.10,H_gamma,0.1,True,9,168,159,lead,True
recalibrated_symmetric_domain,symmetric_bridge,13,20270710,13,1540355768,completed,0.2,0.5,0.8,6.0,30,210,240,0.2,8343958766,sha256:c1b42fc9e6ac912a44667ef4cee02090fab37d50fc3a9928c46ae728c0610f58,H_gamma_0.20,H_gamma,0.2,True,10,168,158,lead,True
recalibrated_symmetric_domain,symmetric_bridge,14,20270710,14,1540355869,completed,0.2,0.5,0.8,6.0,30,210,240,0.2,8343958766,sha256:c1b42fc9e6ac912a44667ef4cee02090fab37d50fc3a9928c46ae728c0610f58,H_alpha_0.05,H_alpha,0.05,True,5,,,trait_loss_censored,False
recalibrated_symmetric_domain,symmetric_bridge,14,20270710,14,1540355869,completed,0.2,0.5,0.8,6.0,30,210,240,0.2,8343958766,sha256:c1b42fc9e6ac912a44667ef4cee02090fab37d50fc3a9928c46ae728c0610f58,H_alpha_0.10,H_alpha,0.1,True,5,,,trait_loss_censored,False
recalibrated_symmetric_domain,symmetric_bridge,14,20270710,14,1540355869,completed,0.2,0.5,0.8,6.0,30,210,240,0.2,8343958766,sha256:c1b42fc9e6ac912a44667ef4cee02090fab37d50fc3a9928c46ae728c0610f58,H_alpha_0.20,H_alpha,0.2,True,6,,,trait_loss_censored,False
recalibrated_symmetric_domain,symmetric_bridge,14,20270710,14,1540355869,completed,0.2,0.5,0.8,6.0,30,210,240,0.2,8343958766,sha256:c1b42fc9e6ac912a44667ef4cee02090fab37d50fc3a9928c46ae728c0610f58,H_gamma_0.05,H_gamma,0.05,True,5,,,trait_loss_censored,False
recalibrated_symmetric_domain,symmetric_bridge,14,20270710,14,1540355869,completed,0.2,0.5,0.8,6.0,30,210,240,0.2,8343958766,sha256:c1b42fc9e6ac912a44667ef4cee02090fab37d50fc3a9928c46ae728c0610f58,H_gamma_0.10,H_gamma,0.1,True,5,,,trait_loss_censored,False
recalibrated_symmetric_domain,symmetric_bridge,14,20270710,14,1540355869,completed,0.2,0.5,0.8,6.0,30,210,240,0.2,8343958766,sha256:c1b42fc9e6ac912a44667ef4cee02090fab37d50fc3a9928c46ae728c0610f58,H_gamma_0.20,H_gamma,0.2,True,6,,,trait_loss_censored,False
recalibrated_symmetric_domain,symmetric_bridge,15,20270710,15,1540355970,completed,0.2,0.5,0.8,6.0,30,210,240,0.2,8343958766,sha256:c1b42fc9e6ac912a44667ef4cee02090fab37d50fc3a9928c46ae728c0610f58,H_alpha_0.05,H_alpha,0.05,True,2,,,trait_loss_censored,False
recalibrated_symmetric_domain,symmetric_bridge,15,20270710,15,1540355970,completed,0.2,0.5,0.8,6.0,30,210,240,0.2,8343958766,sha256:c1b42fc9e6ac912a44667ef4cee02090fab37d50fc3a9928c46ae728c0610f58,H_alpha_0.10,H_alpha,0.1,True,2,,,trait_loss_censored,False
recalibrated_symmetric_domain,symmetric_bridge,15,20270710,15,1540355970,completed,0.2,0.5,0.8,6.0,30,210,240,0.2,8343958766,sha256:c1b42fc9e6ac912a44667ef4cee02090fab37d50fc3a9928c46ae728c0610f58,H_alpha_0.20,H_alpha,0.2,True,7,,,trait_loss_censored,False
recalibrated_symmetric_domain,symmetric_bridge,15,20270710,15,1540355970,completed,0.2,0.5,0.8,6.0,30,210,240,0.2,8343958766,sha256:c1b42fc9e6ac912a44667ef4cee02090fab37d50fc3a9928c46ae728c0610f58,H_gamma_0.05,H_gamma,0.05,True,3,,,trait_loss_censored,False
recalibrated_symmetric_domain,symmetric_bridge,15,20270710,15,1540355970,completed,0.2,0.5,0.8,6.0,30,210,240,0.2,8343958766,sha256:c1b42fc9e6ac912a44667ef4cee02090fab37d50fc3a9928c46ae728c0610f58,H_gamma_0.10,H_gamma,0.1,True,3,,,trait_loss_censored,False
recalibrated_symmetric_domain,symmetric_bridge,15,20270710,15,1540355970,completed,0.2,0.5,0.8,6.0,30,210,240,0.2,8343958766,sha256:c1b42fc9e6ac912a44667ef4cee02090fab37d50fc3a9928c46ae728c0610f58,H_gamma_0.20,H_gamma,0.2,True,10,,,trait_loss_censored,False
recalibrated_symmetric_domain,symmetric_bridge,16,20270710,16,1540356071,completed,0.2,0.5,0.8,6.0,30,210,240,0.2,8343958766,sha256:c1b42fc9e6ac912a44667ef4cee02090fab37d50fc3a9928c46ae728c0610f58,H_alpha_0.05,H_alpha,0.05,True,2,173,171,lead,True
recalibrated_symmetric_domain,symmetric_bridge,16,20270710,16,1540356071,completed,0.2,0.5,0.8,6.0,30,210,240,0.2,8343958766,sha256:c1b42fc9e6ac912a44667ef4cee02090fab37d50fc3a9928c46ae728c0610f58,H_alpha_0.10,H_alpha,0.1,True,3,173,170,lead,True
recalibrated_symmetric_domain,symmetric_bridge,16,20270710,16,1540356071,completed,0.2,0.5,0.8,6.0,30,210,240,0.2,8343958766,sha256:c1b42fc9e6ac912a44667ef4cee02090fab37d50fc3a9928c46ae728c0610f58,H_alpha_0.20,H_alpha,0.2,True,11,173,162,lead,True
recalibrated_symmetric_domain,symmetric_bridge,16,20270710,16,1540356071,completed,0.2,0.5,0.8,6.0,30,210,240,0.2,8343958766,sha256:c1b42fc9e6ac912a44667ef4cee02090fab37d50fc3a9928c46ae728c0610f58,H_gamma_0.05,H_gamma,0.05,True,10,173,163,lead,True
recalibrated_symmetric_domain,symmetric_bridge,16,20270710,16,1540356071,completed,0.2,0.5,0.8,6.0,30,210,240,0.2,8343958766,sha256:c1b42fc9e6ac912a44667ef4cee02090fab37d50fc3a9928c46ae728c0610f58,H_gamma_0.10,H_gamma,0.1,True,10,173,163,lead,True
recalibrated_symmetric_domain,symmetric_bridge,16,20270710,16,1540356071,completed,0.2,0.5,0.8,6.0,30,210,240,0.2,8343958766,sha256:c1b42fc9e6ac912a44667ef4cee02090fab37d50fc3a9928c46ae728c0610f58,H_gamma_0.20,H_gamma,0.2,True,11,173,162,lead,True
recalibrated_symmetric_domain,symmetric_bridge,17,20270710,17,1540356172,source_preparation_failed,0.2,0.5,0.8,6.0,30,210,240,0.2,8343958766,sha256:c1b42fc9e6ac912a44667ef4cee02090fab37d50fc3a9928c46ae728c0610f58,H_alpha_0.05,H_alpha,0.05,False,,,,source_preparation_failed,False
recalibrated_symmetric_domain,symmetric_bridge,17,20270710,17,1540356172,source_preparation_failed,0.2,0.5,0.8,6.0,30,210,240,0.2,8343958766,sha256:c1b42fc9e6ac912a44667ef4cee02090fab37d50fc3a9928c46ae728c0610f58,H_alpha_0.10,H_alpha,0.1,False,,,,source_preparation_failed,False
recalibrated_symmetric_domain,symmetric_bridge,17,20270710,17,1540356172,source_preparation_failed,0.2,0.5,0.8,6.0,30,210,240,0.2,8343958766,sha256:c1b42fc9e6ac912a44667ef4cee02090fab37d50fc3a9928c46ae728c0610f58,H_alpha_0.20,H_alpha,0.2,False,,,,source_preparation_failed,False
recalibrated_symmetric_domain,symmetric_bridge,17,20270710,17,1540356172,source_preparation_failed,0.2,0.5,0.8,6.0,30,210,240,0.2,8343958766,sha256:c1b42fc9e6ac912a44667ef4cee02090fab37d50fc3a9928c46ae728c0610f58,H_gamma_0.05,H_gamma,0.05,False,,,,source_preparation_failed,False
recalibrated_symmetric_domain,symmetric_bridge,17,20270710,17,1540356172,source_preparation_failed,0.2,0.5,0.8,6.0,30,210,240,0.2,8343958766,sha256:c1b42fc9e6ac912a44667ef4cee02090fab37d50fc3a9928c46ae728c0610f58,H_gamma_0.10,H_gamma,0.1,False,,,,source_preparation_failed,False
recalibrated_symmetric_domain,symmetric_bridge,17,20270710,17,1540356172,source_preparation_failed,0.2,0.5,0.8,6.0,30,210,240,0.2,8343958766,sha256:c1b42fc9e6ac912a44667ef4cee02090fab37d50fc3a9928c46ae728c0610f58,H_gamma_0.20,H_gamma,0.2,False,,,,source_preparation_failed,False
recalibrated_symmetric_domain,symmetric_bridge,18,20270710,18,1540356273,completed,0.2,0.5,0.8,6.0,30,210,240,0.2,8343958766,sha256:c1b42fc9e6ac912a44667ef4cee02090fab37d50fc3a9928c46ae728c0610f58,H_alpha_0.05,H_alpha,0.05,True,5,,,trait_loss_censored,False
recalibrated_symmetric_domain,symmetric_bridge,18,20270710,18,1540356273,completed,0.2,0.5,0.8,6.0,30,210,240,0.2,8343958766,sha256:c1b42fc9e6ac912a44667ef4cee02090fab37d50fc3a9928c46ae728c0610f58,H_alpha_0.10,H_alpha,0.1,True,5,,,trait_loss_censored,False
recalibrated_symmetric_domain,symmetric_bridge,18,20270710,18,1540356273,completed,0.2,0.5,0.8,6.0,30,210,240,0.2,8343958766,sha256:c1b42fc9e6ac912a44667ef4cee02090fab37d50fc3a9928c46ae728c0610f58,H_alpha_0.20,H_alpha,0.2,True,8,,,trait_loss_censored,False
recalibrated_symmetric_domain,symmetric_bridge,18,20270710,18,1540356273,completed,0.2,0.5,0.8,6.0,30,210,240,0.2,8343958766,sha256:c1b42fc9e6ac912a44667ef4cee02090fab37d50fc3a9928c46ae728c0610f58,H_gamma_0.05,H_gamma,0.05,True,5,,,trait_loss_censored,False
recalibrated_symmetric_domain,symmetric_bridge,18,20270710,18,1540356273,completed,0.2,0.5,0.8,6.0,30,210,240,0.2,8343958766,sha256:c1b42fc9e6ac912a44667ef4cee02090fab37d50fc3a9928c46ae728c0610f58,H_gamma_0.10,H_gamma,0.1,True,7,,,trait_loss_censored,False
recalibrated_symmetric_domain,symmetric_bridge,18,20270710,18,1540356273,completed,0.2,0.5,0.8,6.0,30,210,240,0.2,8343958766,sha256:c1b42fc9e6ac912a44667ef4cee02090fab37d50fc3a9928c46ae728c0610f58,H_gamma_0.20,H_gamma,0.2,True,8,,,trait_loss_censored,False
recalibrated_symmetric_domain,symmetric_bridge,19,20270710,19,1540356374,completed,0.2,0.5,0.8,6.0,30,210,240,0.2,8343958766,sha256:c1b42fc9e6ac912a44667ef4cee02090fab37d50fc3a9928c46ae728c0610f58,H_alpha_0.05,H_alpha,0.05,True,8,114,106,lead,True
recalibrated_symmetric_domain,symmetric_bridge,19,20270710,19,1540356374,completed,0.2,0.5,0.8,6.0,30,210,240,0.2,8343958766,sha256:c1b42fc9e6ac912a44667ef4cee02090fab37d50fc3a9928c46ae728c0610f58,H_alpha_0.10,H_alpha,0.1,True,8,114,106,lead,True
recalibrated_symmetric_domain,symmetric_bridge,19,20270710,19,1540356374,completed,0.2,0.5,0.8,6.0,30,210,240,0.2,8343958766,sha256:c1b42fc9e6ac912a44667ef4cee02090fab37d50fc3a9928c46ae728c0610f58,H_alpha_0.20,H_alpha,0.2,True,8,114,106,lead,True
recalibrated_symmetric_domain,symmetric_bridge,19,20270710,19,1540356374,completed,0.2,0.5,0.8,6.0,30,210,240,0.2,8343958766,sha256:c1b42fc9e6ac912a44667ef4cee02090fab37d50fc3a9928c46ae728c0610f58,H_gamma_0.05,H_gamma,0.05,True,8,114,106,lead,True
recalibrated_symmetric_domain,symmetric_bridge,19,20270710,19,1540356374,completed,0.2,0.5,0.8,6.0,30,210,240,0.2,8343958766,sha256:c1b42fc9e6ac912a44667ef4cee02090fab37d50fc3a9928c46ae728c0610f58,H_gamma_0.10,H_gamma,0.1,True,8,114,106,lead,True
recalibrated_symmetric_domain,symmetric_bridge,19,20270710,19,1540356374,completed,0.2,0.5,0.8,6.0,30,210,240,0.2,8343958766,sha256:c1b42fc9e6ac912a44667ef4cee02090fab37d50fc3a9928c46ae728c0610f58,H_gamma_0.20,H_gamma,0.2,True,8,114,106,lead,True
recalibrated_symmetric_domain,symmetric_bridge,20,20270711,0,818974962,source_preparation_failed,0.2,0.5,0.8,6.0,30,210,240,0.2,8343958766,sha256:c1b42fc9e6ac912a44667ef4cee02090fab37d50fc3a9928c46ae728c0610f58,H_alpha_0.05,H_alpha,0.05,False,,,,source_preparation_failed,False
recalibrated_symmetric_domain,symmetric_bridge,20,20270711,0,818974962,source_preparation_failed,0.2,0.5,0.8,6.0,30,210,240,0.2,8343958766,sha256:c1b42fc9e6ac912a44667ef4cee02090fab37d50fc3a9928c46ae728c0610f58,H_alpha_0.10,H_alpha,0.1,False,,,,source_preparation_failed,False
recalibrated_symmetric_domain,symmetric_bridge,20,20270711,0,818974962,source_preparation_failed,0.2,0.5,0.8,6.0,30,210,240,0.2,8343958766,sha256:c1b42fc9e6ac912a44667ef4cee02090fab37d50fc3a9928c46ae728c0610f58,H_alpha_0.20,H_alpha,0.2,False,,,,source_preparation_failed,False
recalibrated_symmetric_domain,symmetric_bridge,20,20270711,0,818974962,source_preparation_failed,0.2,0.5,0.8,6.0,30,210,240,0.2,8343958766,sha256:c1b42fc9e6ac912a44667ef4cee02090fab37d50fc3a9928c46ae728c0610f58,H_gamma_0.05,H_gamma,0.05,False,,,,source_preparation_failed,False
recalibrated_symmetric_domain,symmetric_bridge,20,20270711,0,818974962,source_preparation_failed,0.2,0.5,0.8,6.0,30,210,240,0.2,8343958766,sha256:c1b42fc9e6ac912a44667ef4cee02090fab37d50fc3a9928c46ae728c0610f58,H_gamma_0.10,H_gamma,0.1,False,,,,source_preparation_failed,False
recalibrated_symmetric_domain,symmetric_bridge,20,20270711,0,818974962,source_preparation_failed,0.2,0.5,0.8,6.0,30,210,240,0.2,8343958766,sha256:c1b42fc9e6ac912a44667ef4cee02090fab37d50fc3a9928c46ae728c0610f58,H_gamma_0.20,H_gamma,0.2,False,,,,source_preparation_failed,False
recalibrated_symmetric_domain,symmetric_bridge,21,20270711,1,818975063,completed,0.2,0.5,0.8,6.0,30,210,240,0.2,8343958766,sha256:c1b42fc9e6ac912a44667ef4cee02090fab37d50fc3a9928c46ae728c0610f58,H_alpha_0.05,H_alpha,0.05,True,3,219,216,lead,True
recalibrated_symmetric_domain,symmetric_bridge,21,20270711,1,818975063,completed,0.2,0.5,0.8,6.0,30,210,240,0.2,8343958766,sha256:c1b42fc9e6ac912a44667ef4cee02090fab37d50fc3a9928c46ae728c0610f58,H_alpha_0.10,H_alpha,0.1,True,4,219,215,lead,True
recalibrated_symmetric_domain,symmetric_bridge,21,20270711,1,818975063,completed,0.2,0.5,0.8,6.0,30,210,240,0.2,8343958766,sha256:c1b42fc9e6ac912a44667ef4cee02090fab37d50fc3a9928c46ae728c0610f58,H_alpha_0.20,H_alpha,0.2,True,6,219,213,lead,True
recalibrated_symmetric_domain,symmetric_bridge,21,20270711,1,818975063,completed,0.2,0.5,0.8,6.0,30,210,240,0.2,8343958766,sha256:c1b42fc9e6ac912a44667ef4cee02090fab37d50fc3a9928c46ae728c0610f58,H_gamma_0.05,H_gamma,0.05,True,5,219,214,lead,True
recalibrated_symmetric_domain,symmetric_bridge,21,20270711,1,818975063,completed,0.2,0.5,0.8,6.0,30,210,240,0.2,8343958766,sha256:c1b42fc9e6ac912a44667ef4cee02090fab37d50fc3a9928c46ae728c0610f58,H_gamma_0.10,H_gamma,0.1,True,6,219,213,lead,True
recalibrated_symmetric_domain,symmetric_bridge,21,20270711,1,818975063,completed,0.2,0.5,0.8,6.0,30,210,240,0.2,8343958766,sha256:c1b42fc9e6ac912a44667ef4cee02090fab37d50fc3a9928c46ae728c0610f58,H_gamma_0.20,H_gamma,0.2,True,6,219,213,lead,True
recalibrated_symmetric_domain,symmetric_bridge,22,20270711,2,818975164,completed,0.2,0.5,0.8,6.0,30,210,240,0.2,8343958766,sha256:c1b42fc9e6ac912a44667ef4cee02090fab37d50fc3a9928c46ae728c0610f58,H_alpha_0.05,H_alpha,0.05,True,3,,,trait_loss_censored,False
recalibrated_symmetric_domain,symmetric_bridge,22,20270711,2,818975164,completed,0.2,0.5,0.8,6.0,30,210,240,0.2,8343958766,sha256:c1b42fc9e6ac912a44667ef4cee02090fab37d50fc3a9928c46ae728c0610f58,H_alpha_0.10,H_alpha,0.1,True,4,,,trait_loss_censored,False
recalibrated_symmetric_domain,symmetric_bridge,22,20270711,2,818975164,completed,0.2,0.5,0.8,6.0,30,210,240,0.2,8343958766,sha256:c1b42fc9e6ac912a44667ef4cee02090fab37d50fc3a9928c46ae728c0610f58,H_alpha_0.20,H_alpha,0.2,True,6,,,trait_loss_censored,False
recalibrated_symmetric_domain,symmetric_bridge,22,20270711,2,818975164,completed,0.2,0.5,0.8,6.0,30,210,240,0.2,8343958766,sha256:c1b42fc9e6ac912a44667ef4cee02090fab37d50fc3a9928c46ae728c0610f58,H_gamma_0.05,H_gamma,0.05,True,4,,,trait_loss_censored,False
recalibrated_symmetric_domain,symmetric_bridge,22,20270711,2,818975164,completed,0.2,0.5,0.8,6.0,30,210,240,0.2,8343958766,sha256:c1b42fc9e6ac912a44667ef4cee02090fab37d50fc3a9928c46ae728c0610f58,H_gamma_0.10,H_gamma,0.1,True,6,,,trait_loss_censored,False
recalibrated_symmetric_domain,symmetric_bridge,22,20270711,2,818975164,completed,0.2,0.5,0.8,6.0,30,210,240,0.2,8343958766,sha256:c1b42fc9e6ac912a44667ef4cee02090fab37d50fc3a9928c46ae728c0610f58,H_gamma_0.20,H_gamma,0.2,True,9,,,trait_loss_censored,False
recalibrated_symmetric_domain,symmetric_bridge,23,20270711,3,818975265,completed,0.2,0.5,0.8,6.0,30,210,240,0.2,8343958766,sha256:c1b42fc9e6ac912a44667ef4cee02090fab37d50fc3a9928c46ae728c0610f58,H_alpha_0.05,H_alpha,0.05,True,10,19,9,lead,True
recalibrated_symmetric_domain,symmetric_bridge,23,20270711,3,818975265,completed,0.2,0.5,0.8,6.0,30,210,240,0.2,8343958766,sha256:c1b42fc9e6ac912a44667ef4cee02090fab37d50fc3a9928c46ae728c0610f58,H_alpha_0.10,H_alpha,0.1,True,10,19,9,lead,True
recalibrated_symmetric_domain,symmetric_bridge,23,20270711,3,818975265,completed,0.2,0.5,0.8,6.0,30,210,240,0.2,8343958766,sha256:c1b42fc9e6ac912a44667ef4cee02090fab37d50fc3a9928c46ae728c0610f58,H_alpha_0.20,H_alpha,0.2,True,12,19,7,lead,True
recalibrated_symmetric_domain,symmetric_bridge,23,20270711,3,818975265,completed,0.2,0.5,0.8,6.0,30,210,240,0.2,8343958766,sha256:c1b42fc9e6ac912a44667ef4cee02090fab37d50fc3a9928c46ae728c0610f58,H_gamma_0.05,H_gamma,0.05,True,11,19,8,lead,True
recalibrated_symmetric_domain,symmetric_bridge,23,20270711,3,818975265,completed,0.2,0.5,0.8,6.0,30,210,240,0.2,8343958766,sha256:c1b42fc9e6ac912a44667ef4cee02090fab37d50fc3a9928c46ae728c0610f58,H_gamma_0.10,H_gamma,0.1,True,11,19,8,lead,True
recalibrated_symmetric_domain,symmetric_bridge,23,20270711,3,818975265,completed,0.2,0.5,0.8,6.0,30,210,240,0.2,8343958766,sha256:c1b42fc9e6ac912a44667ef4cee02090fab37d50fc3a9928c46ae728c0610f58,H_gamma_0.20,H_gamma,0.2,True,16,19,3,lead,True
recalibrated_symmetric_domain,symmetric_bridge,24,20270711,4,818975366,completed,0.2,0.5,0.8,6.0,30,210,240,0.2,8343958766,sha256:c1b42fc9e6ac912a44667ef4cee02090fab37d50fc3a9928c46ae728c0610f58,H_alpha_0.05,H_alpha,0.05,True,1,95,94,lead,True
recalibrated_symmetric_domain,symmetric_bridge,24,20270711,4,818975366,completed,0.2,0.5,0.8,6.0,30,210,240,0.2,8343958766,sha256:c1b42fc9e6ac912a44667ef4cee02090fab37d50fc3a9928c46ae728c0610f58,H_alpha_0.10,H_alpha,0.1,True,2,95,93,lead,True
recalibrated_symmetric_domain,symmetric_bridge,24,20270711,4,818975366,completed,0.2,0.5,0.8,6.0,30,210,240,0.2,8343958766,sha256:c1b42fc9e6ac912a44667ef4cee02090fab37d50fc3a9928c46ae728c0610f58,H_alpha_0.20,H_alpha,0.2,True,2,95,93,lead,True
recalibrated_symmetric_domain,symmetric_bridge,24,20270711,4,818975366,completed,0.2,0.5,0.8,6.0,30,210,240,0.2,8343958766,sha256:c1b42fc9e6ac912a44667ef4cee02090fab37d50fc3a9928c46ae728c0610f58,H_gamma_0.05,H_gamma,0.05,True,1,95,94,lead,True
recalibrated_symmetric_domain,symmetric_bridge,24,20270711,4,818975366,completed,0.2,0.5,0.8,6.0,30,210,240,0.2,8343958766,sha256:c1b42fc9e6ac912a44667ef4cee02090fab37d50fc3a9928c46ae728c0610f58,H_gamma_0.10,H_gamma,0.1,True,2,95,93,lead,True
recalibrated_symmetric_domain,symmetric_bridge,24,20270711,4,818975366,completed,0.2,0.5,0.8,6.0,30,210,240,0.2,8343958766,sha256:c1b42fc9e6ac912a44667ef4cee02090fab37d50fc3a9928c46ae728c0610f58,H_gamma_0.20,H_gamma,0.2,True,3,95,92,lead,True
recalibrated_symmetric_domain,symmetric_bridge,25,20270711,5,818975467,completed,0.2,0.5,0.8,6.0,30,210,240,0.2,8343958766,sha256:c1b42fc9e6ac912a44667ef4cee02090fab37d50fc3a9928c46ae728c0610f58,H_alpha_0.05,H_alpha,0.05,True,5,27,22,lead,True
recalibrated_symmetric_domain,symmetric_bridge,25,20270711,5,818975467,completed,0.2,0.5,0.8,6.0,30,210,240,0.2,8343958766,sha256:c1b42fc9e6ac912a44667ef4cee02090fab37d50fc3a9928c46ae728c0610f58,H_alpha_0.10,H_alpha,0.1,True,7,27,20,lead,True
recalibrated_symmetric_domain,symmetric_bridge,25,20270711,5,818975467,completed,0.2,0.5,0.8,6.0,30,210,240,0.2,8343958766,sha256:c1b42fc9e6ac912a44667ef4cee02090fab37d50fc3a9928c46ae728c0610f58,H_alpha_0.20,H_alpha,0.2,True,10,27,17,lead,True
recalibrated_symmetric_domain,symmetric_bridge,25,20270711,5,818975467,completed,0.2,0.5,0.8,6.0,30,210,240,0.2,8343958766,sha256:c1b42fc9e6ac912a44667ef4cee02090fab37d50fc3a9928c46ae728c0610f58,H_gamma_0.05,H_gamma,0.05,True,13,27,14,lead,True
recalibrated_symmetric_domain,symmetric_bridge,25,20270711,5,818975467,completed,0.2,0.5,0.8,6.0,30,210,240,0.2,8343958766,sha256:c1b42fc9e6ac912a44667ef4cee02090fab37d50fc3a9928c46ae728c0610f58,H_gamma_0.10,H_gamma,0.1,True,13,27,14,lead,True
recalibrated_symmetric_domain,symmetric_bridge,25,20270711,5,818975467,completed,0.2,0.5,0.8,6.0,30,210,240,0.2,8343958766,sha256:c1b42fc9e6ac912a44667ef4cee02090fab37d50fc3a9928c46ae728c0610f58,H_gamma_0.20,H_gamma,0.2,True,14,27,13,lead,True
recalibrated_symmetric_domain,symmetric_bridge,26,20270711,6,818975568,completed,0.2,0.5,0.8,6.0,30,210,240,0.2,8343958766,sha256:c1b42fc9e6ac912a44667ef4cee02090fab37d50fc3a9928c46ae728c0610f58,H_alpha_0.05,H_alpha,0.05,True,6,43,37,lead,True
recalibrated_symmetric_domain,symmetric_bridge,26,20270711,6,818975568,completed,0.2,0.5,0.8,6.0,30,210,240,0.2,8343958766,sha256:c1b42fc9e6ac912a44667ef4cee02090fab37d50fc3a9928c46ae728c0610f58,H_alpha_0.10,H_alpha,0.1,True,23,43,20,lead,True
recalibrated_symmetric_domain,symmetric_bridge,26,20270711,6,818975568,completed,0.2,0.5,0.8,6.0,30,210,240,0.2,8343958766,sha256:c1b42fc9e6ac912a44667ef4cee02090fab37d50fc3a9928c46ae728c0610f58,H_alpha_0.20,H_alpha,0.2,True,23,43,20,lead,True
recalibrated_symmetric_domain,symmetric_bridge,26,20270711,6,818975568,completed,0.2,0.5,0.8,6.0,30,210,240,0.2,8343958766,sha256:c1b42fc9e6ac912a44667ef4cee02090fab37d50fc3a9928c46ae728c0610f58,H_gamma_0.05,H_gamma,0.05,True,11,43,32,lead,True
recalibrated_symmetric_domain,symmetric_bridge,26,20270711,6,818975568,completed,0.2,0.5,0.8,6.0,30,210,240,0.2,8343958766,sha256:c1b42fc9e6ac912a44667ef4cee02090fab37d50fc3a9928c46ae728c0610f58,H_gamma_0.10,H_gamma,0.1,True,23,43,20,lead,True
recalibrated_symmetric_domain,symmetric_bridge,26,20270711,6,818975568,completed,0.2,0.5,0.8,6.0,30,210,240,0.2,8343958766,sha256:c1b42fc9e6ac912a44667ef4cee02090fab37d50fc3a9928c46ae728c0610f58,H_gamma_0.20,H_gamma,0.2,True,41,43,2,lead,True
recalibrated_symmetric_domain,symmetric_bridge,27,20270711,7,818975669,completed,0.2,0.5,0.8,6.0,30,210,240,0.2,8343958766,sha256:c1b42fc9e6ac912a44667ef4cee02090fab37d50fc3a9928c46ae728c0610f58,H_alpha_0.05,H_alpha,0.05,True,8,43,35,lead,True
recalibrated_symmetric_domain,symmetric_bridge,27,20270711,7,818975669,completed,0.2,0.5,0.8,6.0,30,210,240,0.2,8343958766,sha256:c1b42fc9e6ac912a44667ef4cee02090fab37d50fc3a9928c46ae728c0610f58,H_alpha_0.10,H_alpha,0.1,True,8,43,35,lead,True
recalibrated_symmetric_domain,symmetric_bridge,27,20270711,7,818975669,completed,0.2,0.5,0.8,6.0,30,210,240,0.2,8343958766,sha256:c1b42fc9e6ac912a44667ef4cee02090fab37d50fc3a9928c46ae728c0610f58,H_alpha_0.20,H_alpha,0.2,True,8,43,35,lead,True
recalibrated_symmetric_domain,symmetric_bridge,27,20270711,7,818975669,completed,0.2,0.5,0.8,6.0,30,210,240,0.2,8343958766,sha256:c1b42fc9e6ac912a44667ef4cee02090fab37d50fc3a9928c46ae728c0610f58,H_gamma_0.05,H_gamma,0.05,True,13,43,30,lead,True
recalibrated_symmetric_domain,symmetric_bridge,27,20270711,7,818975669,completed,0.2,0.5,0.8,6.0,30,210,240,0.2,8343958766,sha256:c1b42fc9e6ac912a44667ef4cee02090fab37d50fc3a9928c46ae728c0610f58,H_gamma_0.10,H_gamma,0.1,True,13,43,30,lead,True
recalibrated_symmetric_domain,symmetric_bridge,27,20270711,7,818975669,completed,0.2,0.5,0.8,6.0,30,210,240,0.2,8343958766,sha256:c1b42fc9e6ac912a44667ef4cee02090fab37d50fc3a9928c46ae728c0610f58,H_gamma_0.20,H_gamma,0.2,True,32,43,11,lead,True
recalibrated_symmetric_domain,symmetric_bridge,28,20270711,8,818975770,source_preparation_failed,0.2,0.5,0.8,6.0,30,210,240,0.2,8343958766,sha256:c1b42fc9e6ac912a44667ef4cee02090fab37d50fc3a9928c46ae728c0610f58,H_alpha_0.05,H_alpha,0.05,False,,,,source_preparation_failed,False
recalibrated_symmetric_domain,symmetric_bridge,28,20270711,8,818975770,source_preparation_failed,0.2,0.5,0.8,6.0,30,210,240,0.2,8343958766,sha256:c1b42fc9e6ac912a44667ef4cee02090fab37d50fc3a9928c46ae728c0610f58,H_alpha_0.10,H_alpha,0.1,False,,,,source_preparation_failed,False
recalibrated_symmetric_domain,symmetric_bridge,28,20270711,8,818975770,source_preparation_failed,0.2,0.5,0.8,6.0,30,210,240,0.2,8343958766,sha256:c1b42fc9e6ac912a44667ef4cee02090fab37d50fc3a9928c46ae728c0610f58,H_alpha_0.20,H_alpha,0.2,False,,,,source_preparation_failed,False
recalibrated_symmetric_domain,symmetric_bridge,28,20270711,8,818975770,source_preparation_failed,0.2,0.5,0.8,6.0,30,210,240,0.2,8343958766,sha256:c1b42fc9e6ac912a44667ef4cee02090fab37d50fc3a9928c46ae728c0610f58,H_gamma_0.05,H_gamma,0.05,False,,,,source_preparation_failed,False
recalibrated_symmetric_domain,symmetric_bridge,28,20270711,8,818975770,source_preparation_failed,0.2,0.5,0.8,6.0,30,210,240,0.2,8343958766,sha256:c1b42fc9e6ac912a44667ef4cee02090fab37d50fc3a9928c46ae728c0610f58,H_gamma_0.10,H_gamma,0.1,False,,,,source_preparation_failed,False
recalibrated_symmetric_domain,symmetric_bridge,28,20270711,8,818975770,source_preparation_failed,0.2,0.5,0.8,6.0,30,210,240,0.2,8343958766,sha256:c1b42fc9e6ac912a44667ef4cee02090fab37d50fc3a9928c46ae728c0610f58,H_gamma_0.20,H_gamma,0.2,False,,,,source_preparation_failed,False
recalibrated_symmetric_domain,symmetric_bridge,29,20270711,9,818975871,completed,0.2,0.5,0.8,6.0,30,210,240,0.2,8343958766,sha256:c1b42fc9e6ac912a44667ef4cee02090fab37d50fc3a9928c46ae728c0610f58,H_alpha_0.05,H_alpha,0.05,True,1,41,40,lead,True
recalibrated_symmetric_domain,symmetric_bridge,29,20270711,9,818975871,completed,0.2,0.5,0.8,6.0,30,210,240,0.2,8343958766,sha256:c1b42fc9e6ac912a44667ef4cee02090fab37d50fc3a9928c46ae728c0610f58,H_alpha_0.10,H_alpha,0.1,True,2,41,39,lead,True
recalibrated_symmetric_domain,symmetric_bridge,29,20270711,9,818975871,completed,0.2,0.5,0.8,6.0,30,210,240,0.2,8343958766,sha256:c1b42fc9e6ac912a44667ef4cee02090fab37d50fc3a9928c46ae728c0610f58,H_alpha_0.20,H_alpha,0.2,True,18,41,23,lead,True
recalibrated_symmetric_domain,symmetric_bridge,29,20270711,9,818975871,completed,0.2,0.5,0.8,6.0,30,210,240,0.2,8343958766,sha256:c1b42fc9e6ac912a44667ef4cee02090fab37d50fc3a9928c46ae728c0610f58,H_gamma_0.05,H_gamma,0.05,True,5,41,36,lead,True
recalibrated_symmetric_domain,symmetric_bridge,29,20270711,9,818975871,completed,0.2,0.5,0.8,6.0,30,210,240,0.2,8343958766,sha256:c1b42fc9e6ac912a44667ef4cee02090fab37d50fc3a9928c46ae728c0610f58,H_gamma_0.10,H_gamma,0.1,True,16,41,25,lead,True
recalibrated_symmetric_domain,symmetric_bridge,29,20270711,9,818975871,completed,0.2,0.5,0.8,6.0,30,210,240,0.2,8343958766,sha256:c1b42fc9e6ac912a44667ef4cee02090fab37d50fc3a9928c46ae728c0610f58,H_gamma_0.20,H_gamma,0.2,True,19,41,22,lead,True
recalibrated_symmetric_domain,symmetric_bridge,30,20270711,10,818975972,completed,0.2,0.5,0.8,6.0,30,210,240,0.2,8343958766,sha256:c1b42fc9e6ac912a44667ef4cee02090fab37d50fc3a9928c46ae728c0610f58,H_alpha_0.05,H_alpha,0.05,True,8,195,187,lead,True
recalibrated_symmetric_domain,symmetric_bridge,30,20270711,10,818975972,completed,0.2,0.5,0.8,6.0,30,210,240,0.2,8343958766,sha256:c1b42fc9e6ac912a44667ef4cee02090fab37d50fc3a9928c46ae728c0610f58,H_alpha_0.10,H_alpha,0.1,True,8,195,187,lead,True
recalibrated_symmetric_domain,symmetric_bridge,30,20270711,10,818975972,completed,0.2,0.5,0.8,6.0,30,210,240,0.2,8343958766,sha256:c1b42fc9e6ac912a44667ef4cee02090fab37d50fc3a9928c46ae728c0610f58,H_alpha_0.20,H_alpha,0.2,True,8,195,187,lead,True
recalibrated_symmetric_domain,symmetric_bridge,30,20270711,10,818975972,completed,0.2,0.5,0.8,6.0,30,210,240,0.2,8343958766,sha256:c1b42fc9e6ac912a44667ef4cee02090fab37d50fc3a9928c46ae728c0610f58,H_gamma_0.05,H_gamma,0.05,True,8,195,187,lead,True
recalibrated_symmetric_domain,symmetric_bridge,30,20270711,10,818975972,completed,0.2,0.5,0.8,6.0,30,210,240,0.2,8343958766,sha256:c1b42fc9e6ac912a44667ef4cee02090fab37d50fc3a9928c46ae728c0610f58,H_gamma_0.10,H_gamma,0.1,True,8,195,187,lead,True
recalibrated_symmetric_domain,symmetric_bridge,30,20270711,10,818975972,completed,0.2,0.5,0.8,6.0,30,210,240,0.2,8343958766,sha256:c1b42fc9e6ac912a44667ef4cee02090fab37d50fc3a9928c46ae728c0610f58,H_gamma_0.20,H_gamma,0.2,True,11,195,184,lead,True
recalibrated_symmetric_domain,symmetric_bridge,31,20270711,11,818976073,completed,0.2,0.5,0.8,6.0,30,210,240,0.2,8343958766,sha256:c1b42fc9e6ac912a44667ef4cee02090fab37d50fc3a9928c46ae728c0610f58,H_alpha_0.05,H_alpha,0.05,True,4,,,trait_loss_censored,False
recalibrated_symmetric_domain,symmetric_bridge,31,20270711,11,818976073,completed,0.2,0.5,0.8,6.0,30,210,240,0.2,8343958766,sha256:c1b42fc9e6ac912a44667ef4cee02090fab37d50fc3a9928c46ae728c0610f58,H_alpha_0.10,H_alpha,0.1,True,5,,,trait_loss_censored,False
recalibrated_symmetric_domain,symmetric_bridge,31,20270711,11,818976073,completed,0.2,0.5,0.8,6.0,30,210,240,0.2,8343958766,sha256:c1b42fc9e6ac912a44667ef4cee02090fab37d50fc3a9928c46ae728c0610f58,H_alpha_0.20,H_alpha,0.2,True,5,,,trait_loss_censored,False
recalibrated_symmetric_domain,symmetric_bridge,31,20270711,11,818976073,completed,0.2,0.5,0.8,6.0,30,210,240,0.2,8343958766,sha256:c1b42fc9e6ac912a44667ef4cee02090fab37d50fc3a9928c46ae728c0610f58,H_gamma_0.05,H_gamma,0.05,True,6,,,trait_loss_censored,False
recalibrated_symmetric_domain,symmetric_bridge,31,20270711,11,818976073,completed,0.2,0.5,0.8,6.0,30,210,240,0.2,8343958766,sha256:c1b42fc9e6ac912a44667ef4cee02090fab37d50fc3a9928c46ae728c0610f58,H_gamma_0.10,H_gamma,0.1,True,8,,,trait_loss_censored,False
recalibrated_symmetric_domain,symmetric_bridge,31,20270711,11,818976073,completed,0.2,0.5,0.8,6.0,30,210,240,0.2,8343958766,sha256:c1b42fc9e6ac912a44667ef4cee02090fab37d50fc3a9928c46ae728c0610f58,H_gamma_0.20,H_gamma,0.2,True,8,,,trait_loss_censored,False
recalibrated_symmetric_domain,symmetric_bridge,32,20270711,12,818976174,source_preparation_failed,0.2,0.5,0.8,6.0,30,210,240,0.2,8343958766,sha256:c1b42fc9e6ac912a44667ef4cee02090fab37d50fc3a9928c46ae728c0610f58,H_alpha_0.05,H_alpha,0.05,False,,,,source_preparation_failed,False
recalibrated_symmetric_domain,symmetric_bridge,32,20270711,12,818976174,source_preparation_failed,0.2,0.5,0.8,6.0,30,210,240,0.2,8343958766,sha256:c1b42fc9e6ac912a44667ef4cee02090fab37d50fc3a9928c46ae728c0610f58,H_alpha_0.10,H_alpha,0.1,False,,,,source_preparation_failed,False
recalibrated_symmetric_domain,symmetric_bridge,32,20270711,12,818976174,source_preparation_failed,0.2,0.5,0.8,6.0,30,210,240,0.2,8343958766,sha256:c1b42fc9e6ac912a44667ef4cee02090fab37d50fc3a9928c46ae728c0610f58,H_alpha_0.20,H_alpha,0.2,False,,,,source_preparation_failed,False
recalibrated_symmetric_domain,symmetric_bridge,32,20270711,12,818976174,source_preparation_failed,0.2,0.5,0.8,6.0,30,210,240,0.2,8343958766,sha256:c1b42fc9e6ac912a44667ef4cee02090fab37d50fc3a9928c46ae728c0610f58,H_gamma_0.05,H_gamma,0.05,False,,,,source_preparation_failed,False
recalibrated_symmetric_domain,symmetric_bridge,32,20270711,12,818976174,source_preparation_failed,0.2,0.5,0.8,6.0,30,210,240,0.2,8343958766,sha256:c1b42fc9e6ac912a44667ef4cee02090fab37d50fc3a9928c46ae728c0610f58,H_gamma_0.10,H_gamma,0.1,False,,,,source_preparation_failed,False
recalibrated_symmetric_domain,symmetric_bridge,32,20270711,12,818976174,source_preparation_failed,0.2,0.5,0.8,6.0,30,210,240,0.2,8343958766,sha256:c1b42fc9e6ac912a44667ef4cee02090fab37d50fc3a9928c46ae728c0610f58,H_gamma_0.20,H_gamma,0.2,False,,,,source_preparation_failed,False
recalibrated_symmetric_domain,symmetric_bridge,33,20270711,13,818976275,completed,0.2,0.5,0.8,6.0,30,210,240,0.2,8343958766,sha256:c1b42fc9e6ac912a44667ef4cee02090fab37d50fc3a9928c46ae728c0610f58,H_alpha_0.05,H_alpha,0.05,True,2,107,105,lead,True
recalibrated_symmetric_domain,symmetric_bridge,33,20270711,13,818976275,completed,0.2,0.5,0.8,6.0,30,210,240,0.2,8343958766,sha256:c1b42fc9e6ac912a44667ef4cee02090fab37d50fc3a9928c46ae728c0610f58,H_alpha_0.10,H_alpha,0.1,True,11,107,96,lead,True
recalibrated_symmetric_domain,symmetric_bridge,33,20270711,13,818976275,completed,0.2,0.5,0.8,6.0,30,210,240,0.2,8343958766,sha256:c1b42fc9e6ac912a44667ef4cee02090fab37d50fc3a9928c46ae728c0610f58,H_alpha_0.20,H_alpha,0.2,True,13,107,94,lead,True
recalibrated_symmetric_domain,symmetric_bridge,33,20270711,13,818976275,completed,0.2,0.5,0.8,6.0,30,210,240,0.2,8343958766,sha256:c1b42fc9e6ac912a44667ef4cee02090fab37d50fc3a9928c46ae728c0610f58,H_gamma_0.05,H_gamma,0.05,True,13,107,94,lead,True
recalibrated_symmetric_domain,symmetric_bridge,33,20270711,13,818976275,completed,0.2,0.5,0.8,6.0,30,210,240,0.2,8343958766,sha256:c1b42fc9e6ac912a44667ef4cee02090fab37d50fc3a9928c46ae728c0610f58,H_gamma_0.10,H_gamma,0.1,True,14,107,93,lead,True
recalibrated_symmetric_domain,symmetric_bridge,33,20270711,13,818976275,completed,0.2,0.5,0.8,6.0,30,210,240,0.2,8343958766,sha256:c1b42fc9e6ac912a44667ef4cee02090fab37d50fc3a9928c46ae728c0610f58,H_gamma_0.20,H_gamma,0.2,True,21,107,86,lead,True
recalibrated_symmetric_domain,symmetric_bridge,34,20270711,14,818976376,completed,0.2,0.5,0.8,6.0,30,210,240,0.2,8343958766,sha256:c1b42fc9e6ac912a44667ef4cee02090fab37d50fc3a9928c46ae728c0610f58,H_alpha_0.05,H_alpha,0.05,True,6,67,61,lead,True
recalibrated_symmetric_domain,symmetric_bridge,34,20270711,14,818976376,completed,0.2,0.5,0.8,6.0,30,210,240,0.2,8343958766,sha256:c1b42fc9e6ac912a44667ef4cee02090fab37d50fc3a9928c46ae728c0610f58,H_alpha_0.10,H_alpha,0.1,True,6,67,61,lead,True
recalibrated_symmetric_domain,symmetric_bridge,34,20270711,14,818976376,completed,0.2,0.5,0.8,6.0,30,210,240,0.2,8343958766,sha256:c1b42fc9e6ac912a44667ef4cee02090fab37d50fc3a9928c46ae728c0610f58,H_alpha_0.20,H_alpha,0.2,True,9,67,58,lead,True
recalibrated_symmetric_domain,symmetric_bridge,34,20270711,14,818976376,completed,0.2,0.5,0.8,6.0,30,210,240,0.2,8343958766,sha256:c1b42fc9e6ac912a44667ef4cee02090fab37d50fc3a9928c46ae728c0610f58,H_gamma_0.05,H_gamma,0.05,True,7,67,60,lead,True
recalibrated_symmetric_domain,symmetric_bridge,34,20270711,14,818976376,completed,0.2,0.5,0.8,6.0,30,210,240,0.2,8343958766,sha256:c1b42fc9e6ac912a44667ef4cee02090fab37d50fc3a9928c46ae728c0610f58,H_gamma_0.10,H_gamma,0.1,True,9,67,58,lead,True
recalibrated_symmetric_domain,symmetric_bridge,34,20270711,14,818976376,completed,0.2,0.5,0.8,6.0,30,210,240,0.2,8343958766,sha256:c1b42fc9e6ac912a44667ef4cee02090fab37d50fc3a9928c46ae728c0610f58,H_gamma_0.20,H_gamma,0.2,True,10,67,57,lead,True
recalibrated_symmetric_domain,symmetric_bridge,35,20270711,15,818976477,source_preparation_failed,0.2,0.5,0.8,6.0,30,210,240,0.2,8343958766,sha256:c1b42fc9e6ac912a44667ef4cee02090fab37d50fc3a9928c46ae728c0610f58,H_alpha_0.05,H_alpha,0.05,False,,,,source_preparation_failed,False
recalibrated_symmetric_domain,symmetric_bridge,35,20270711,15,818976477,source_preparation_failed,0.2,0.5,0.8,6.0,30,210,240,0.2,8343958766,sha256:c1b42fc9e6ac912a44667ef4cee02090fab37d50fc3a9928c46ae728c0610f58,H_alpha_0.10,H_alpha,0.1,False,,,,source_preparation_failed,False
recalibrated_symmetric_domain,symmetric_bridge,35,20270711,15,818976477,source_preparation_failed,0.2,0.5,0.8,6.0,30,210,240,0.2,8343958766,sha256:c1b42fc9e6ac912a44667ef4cee02090fab37d50fc3a9928c46ae728c0610f58,H_alpha_0.20,H_alpha,0.2,False,,,,source_preparation_failed,False
recalibrated_symmetric_domain,symmetric_bridge,35,20270711,15,818976477,source_preparation_failed,0.2,0.5,0.8,6.0,30,210,240,0.2,8343958766,sha256:c1b42fc9e6ac912a44667ef4cee02090fab37d50fc3a9928c46ae728c0610f58,H_gamma_0.05,H_gamma,0.05,False,,,,source_preparation_failed,False
recalibrated_symmetric_domain,symmetric_bridge,35,20270711,15,818976477,source_preparation_failed,0.2,0.5,0.8,6.0,30,210,240,0.2,8343958766,sha256:c1b42fc9e6ac912a44667ef4cee02090fab37d50fc3a9928c46ae728c0610f58,H_gamma_0.10,H_gamma,0.1,False,,,,source_preparation_failed,False
recalibrated_symmetric_domain,symmetric_bridge,35,20270711,15,818976477,source_preparation_failed,0.2,0.5,0.8,6.0,30,210,240,0.2,8343958766,sha256:c1b42fc9e6ac912a44667ef4cee02090fab37d50fc3a9928c46ae728c0610f58,H_gamma_0.20,H_gamma,0.2,False,,,,source_preparation_failed,False
recalibrated_symmetric_domain,symmetric_bridge,36,20270711,16,818976578,completed,0.2,0.5,0.8,6.0,30,210,240,0.2,8343958766,sha256:c1b42fc9e6ac912a44667ef4cee02090fab37d50fc3a9928c46ae728c0610f58,H_alpha_0.05,H_alpha,0.05,True,1,77,76,lead,True
recalibrated_symmetric_domain,symmetric_bridge,36,20270711,16,818976578,completed,0.2,0.5,0.8,6.0,30,210,240,0.2,8343958766,sha256:c1b42fc9e6ac912a44667ef4cee02090fab37d50fc3a9928c46ae728c0610f58,H_alpha_0.10,H_alpha,0.1,True,2,77,75,lead,True
recalibrated_symmetric_domain,symmetric_bridge,36,20270711,16,818976578,completed,0.2,0.5,0.8,6.0,30,210,240,0.2,8343958766,sha256:c1b42fc9e6ac912a44667ef4cee02090fab37d50fc3a9928c46ae728c0610f58,H_alpha_0.20,H_alpha,0.2,True,3,77,74,lead,True
recalibrated_symmetric_domain,symmetric_bridge,36,20270711,16,818976578,completed,0.2,0.5,0.8,6.0,30,210,240,0.2,8343958766,sha256:c1b42fc9e6ac912a44667ef4cee02090fab37d50fc3a9928c46ae728c0610f58,H_gamma_0.05,H_gamma,0.05,True,3,77,74,lead,True
recalibrated_symmetric_domain,symmetric_bridge,36,20270711,16,818976578,completed,0.2,0.5,0.8,6.0,30,210,240,0.2,8343958766,sha256:c1b42fc9e6ac912a44667ef4cee02090fab37d50fc3a9928c46ae728c0610f58,H_gamma_0.10,H_gamma,0.1,True,3,77,74,lead,True
recalibrated_symmetric_domain,symmetric_bridge,36,20270711,16,818976578,completed,0.2,0.5,0.8,6.0,30,210,240,0.2,8343958766,sha256:c1b42fc9e6ac912a44667ef4cee02090fab37d50fc3a9928c46ae728c0610f58,H_gamma_0.20,H_gamma,0.2,True,5,77,72,lead,True
recalibrated_symmetric_domain,symmetric_bridge,37,20270711,17,818976679,completed,0.2,0.5,0.8,6.0,30,210,240,0.2,8343958766,sha256:c1b42fc9e6ac912a44667ef4cee02090fab37d50fc3a9928c46ae728c0610f58,H_alpha_0.05,H_alpha,0.05,True,3,208,205,lead,True
recalibrated_symmetric_domain,symmetric_bridge,37,20270711,17,818976679,completed,0.2,0.5,0.8,6.0,30,210,240,0.2,8343958766,sha256:c1b42fc9e6ac912a44667ef4cee02090fab37d50fc3a9928c46ae728c0610f58,H_alpha_0.10,H_alpha,0.1,True,3,208,205,lead,True
recalibrated_symmetric_domain,symmetric_bridge,37,20270711,17,818976679,completed,0.2,0.5,0.8,6.0,30,210,240,0.2,8343958766,sha256:c1b42fc9e6ac912a44667ef4cee02090fab37d50fc3a9928c46ae728c0610f58,H_alpha_0.20,H_alpha,0.2,True,3,208,205,lead,True
recalibrated_symmetric_domain,symmetric_bridge,37,20270711,17,818976679,completed,0.2,0.5,0.8,6.0,30,210,240,0.2,8343958766,sha256:c1b42fc9e6ac912a44667ef4cee02090fab37d50fc3a9928c46ae728c0610f58,H_gamma_0.05,H_gamma,0.05,True,3,208,205,lead,True
recalibrated_symmetric_domain,symmetric_bridge,37,20270711,17,818976679,completed,0.2,0.5,0.8,6.0,30,210,240,0.2,8343958766,sha256:c1b42fc9e6ac912a44667ef4cee02090fab37d50fc3a9928c46ae728c0610f58,H_gamma_0.10,H_gamma,0.1,True,3,208,205,lead,True
recalibrated_symmetric_domain,symmetric_bridge,37,20270711,17,818976679,completed,0.2,0.5,0.8,6.0,30,210,240,0.2,8343958766,sha256:c1b42fc9e6ac912a44667ef4cee02090fab37d50fc3a9928c46ae728c0610f58,H_gamma_0.20,H_gamma,0.2,True,4,208,204,lead,True
recalibrated_symmetric_domain,symmetric_bridge,38,20270711,18,818976780,completed,0.2,0.5,0.8,6.0,30,210,240,0.2,8343958766,sha256:c1b42fc9e6ac912a44667ef4cee02090fab37d50fc3a9928c46ae728c0610f58,H_alpha_0.05,H_alpha,0.05,True,2,185,183,lead,True
recalibrated_symmetric_domain,symmetric_bridge,38,20270711,18,818976780,completed,0.2,0.5,0.8,6.0,30,210,240,0.2,8343958766,sha256:c1b42fc9e6ac912a44667ef4cee02090fab37d50fc3a9928c46ae728c0610f58,H_alpha_0.10,H_alpha,0.1,True,2,185,183,lead,True
recalibrated_symmetric_domain,symmetric_bridge,38,20270711,18,818976780,completed,0.2,0.5,0.8,6.0,30,210,240,0.2,8343958766,sha256:c1b42fc9e6ac912a44667ef4cee02090fab37d50fc3a9928c46ae728c0610f58,H_alpha_0.20,H_alpha,0.2,True,3,185,182,lead,True
recalibrated_symmetric_domain,symmetric_bridge,38,20270711,18,818976780,completed,0.2,0.5,0.8,6.0,30,210,240,0.2,8343958766,sha256:c1b42fc9e6ac912a44667ef4cee02090fab37d50fc3a9928c46ae728c0610f58,H_gamma_0.05,H_gamma,0.05,True,3,185,182,lead,True
recalibrated_symmetric_domain,symmetric_bridge,38,20270711,18,818976780,completed,0.2,0.5,0.8,6.0,30,210,240,0.2,8343958766,sha256:c1b42fc9e6ac912a44667ef4cee02090fab37d50fc3a9928c46ae728c0610f58,H_gamma_0.10,H_gamma,0.1,True,4,185,181,lead,True
recalibrated_symmetric_domain,symmetric_bridge,38,20270711,18,818976780,completed,0.2,0.5,0.8,6.0,30,210,240,0.2,8343958766,sha256:c1b42fc9e6ac912a44667ef4cee02090fab37d50fc3a9928c46ae728c0610f58,H_gamma_0.20,H_gamma,0.2,True,7,185,178,lead,True
recalibrated_symmetric_domain,symmetric_bridge,39,20270711,19,818976881,source_preparation_failed,0.2,0.5,0.8,6.0,30,210,240,0.2,8343958766,sha256:c1b42fc9e6ac912a44667ef4cee02090fab37d50fc3a9928c46ae728c0610f58,H_alpha_0.05,H_alpha,0.05,False,,,,source_preparation_failed,False
recalibrated_symmetric_domain,symmetric_bridge,39,20270711,19,818976881,source_preparation_failed,0.2,0.5,0.8,6.0,30,210,240,0.2,8343958766,sha256:c1b42fc9e6ac912a44667ef4cee02090fab37d50fc3a9928c46ae728c0610f58,H_alpha_0.10,H_alpha,0.1,False,,,,source_preparation_failed,False
recalibrated_symmetric_domain,symmetric_bridge,39,20270711,19,818976881,source_preparation_failed,0.2,0.5,0.8,6.0,30,210,240,0.2,8343958766,sha256:c1b42fc9e6ac912a44667ef4cee02090fab37d50fc3a9928c46ae728c0610f58,H_alpha_0.20,H_alpha,0.2,False,,,,source_preparation_failed,False
recalibrated_symmetric_domain,symmetric_bridge,39,20270711,19,818976881,source_preparation_failed,0.2,0.5,0.8,6.0,30,210,240,0.2,8343958766,sha256:c1b42fc9e6ac912a44667ef4cee02090fab37d50fc3a9928c46ae728c0610f58,H_gamma_0.05,H_gamma,0.05,False,,,,source_preparation_failed,False
recalibrated_symmetric_domain,symmetric_bridge,39,20270711,19,818976881,source_preparation_failed,0.2,0.5,0.8,6.0,30,210,240,0.2,8343958766,sha256:c1b42fc9e6ac912a44667ef4cee02090fab37d50fc3a9928c46ae728c0610f58,H_gamma_0.10,H_gamma,0.1,False,,,,source_preparation_failed,False
recalibrated_symmetric_domain,symmetric_bridge,39,20270711,19,818976881,source_preparation_failed,0.2,0.5,0.8,6.0,30,210,240,0.2,8343958766,sha256:c1b42fc9e6ac912a44667ef4cee02090fab37d50fc3a9928c46ae728c0610f58,H_gamma_0.20,H_gamma,0.2,False,,,,source_preparation_failed,False
recalibrated_symmetric_domain,symmetric_bridge,40,20270712,0,97595469,completed,0.2,0.5,0.8,6.0,30,210,240,0.2,8343958766,sha256:c1b42fc9e6ac912a44667ef4cee02090fab37d50fc3a9928c46ae728c0610f58,H_alpha_0.05,H_alpha,0.05,True,6,,,trait_loss_censored,False
recalibrated_symmetric_domain,symmetric_bridge,40,20270712,0,97595469,completed,0.2,0.5,0.8,6.0,30,210,240,0.2,8343958766,sha256:c1b42fc9e6ac912a44667ef4cee02090fab37d50fc3a9928c46ae728c0610f58,H_alpha_0.10,H_alpha,0.1,True,7,,,trait_loss_censored,False
recalibrated_symmetric_domain,symmetric_bridge,40,20270712,0,97595469,completed,0.2,0.5,0.8,6.0,30,210,240,0.2,8343958766,sha256:c1b42fc9e6ac912a44667ef4cee02090fab37d50fc3a9928c46ae728c0610f58,H_alpha_0.20,H_alpha,0.2,True,15,,,trait_loss_censored,False
recalibrated_symmetric_domain,symmetric_bridge,40,20270712,0,97595469,completed,0.2,0.5,0.8,6.0,30,210,240,0.2,8343958766,sha256:c1b42fc9e6ac912a44667ef4cee02090fab37d50fc3a9928c46ae728c0610f58,H_gamma_0.05,H_gamma,0.05,True,8,,,trait_loss_censored,False
recalibrated_symmetric_domain,symmetric_bridge,40,20270712,0,97595469,completed,0.2,0.5,0.8,6.0,30,210,240,0.2,8343958766,sha256:c1b42fc9e6ac912a44667ef4cee02090fab37d50fc3a9928c46ae728c0610f58,H_gamma_0.10,H_gamma,0.1,True,15,,,trait_loss_censored,False
recalibrated_symmetric_domain,symmetric_bridge,40,20270712,0,97595469,completed,0.2,0.5,0.8,6.0,30,210,240,0.2,8343958766,sha256:c1b42fc9e6ac912a44667ef4cee02090fab37d50fc3a9928c46ae728c0610f58,H_gamma_0.20,H_gamma,0.2,True,16,,,trait_loss_censored,False
recalibrated_symmetric_domain,symmetric_bridge,41,20270712,1,97595570,completed,0.2,0.5,0.8,6.0,30,210,240,0.2,8343958766,sha256:c1b42fc9e6ac912a44667ef4cee02090fab37d50fc3a9928c46ae728c0610f58,H_alpha_0.05,H_alpha,0.05,True,8,200,192,lead,True
recalibrated_symmetric_domain,symmetric_bridge,41,20270712,1,97595570,completed,0.2,0.5,0.8,6.0,30,210,240,0.2,8343958766,sha256:c1b42fc9e6ac912a44667ef4cee02090fab37d50fc3a9928c46ae728c0610f58,H_alpha_0.10,H_alpha,0.1,True,9,200,191,lead,True
recalibrated_symmetric_domain,symmetric_bridge,41,20270712,1,97595570,completed,0.2,0.5,0.8,6.0,30,210,240,0.2,8343958766,sha256:c1b42fc9e6ac912a44667ef4cee02090fab37d50fc3a9928c46ae728c0610f58,H_alpha_0.20,H_alpha,0.2,True,37,200,163,lead,True
recalibrated_symmetric_domain,symmetric_bridge,41,20270712,1,97595570,completed,0.2,0.5,0.8,6.0,30,210,240,0.2,8343958766,sha256:c1b42fc9e6ac912a44667ef4cee02090fab37d50fc3a9928c46ae728c0610f58,H_gamma_0.05,H_gamma,0.05,True,10,200,190,lead,True
recalibrated_symmetric_domain,symmetric_bridge,41,20270712,1,97595570,completed,0.2,0.5,0.8,6.0,30,210,240,0.2,8343958766,sha256:c1b42fc9e6ac912a44667ef4cee02090fab37d50fc3a9928c46ae728c0610f58,H_gamma_0.10,H_gamma,0.1,True,50,200,150,lead,True
recalibrated_symmetric_domain,symmetric_bridge,41,20270712,1,97595570,completed,0.2,0.5,0.8,6.0,30,210,240,0.2,8343958766,sha256:c1b42fc9e6ac912a44667ef4cee02090fab37d50fc3a9928c46ae728c0610f58,H_gamma_0.20,H_gamma,0.2,True,50,200,150,lead,True
recalibrated_symmetric_domain,symmetric_bridge,42,20270712,2,97595671,completed,0.2,0.5,0.8,6.0,30,210,240,0.2,8343958766,sha256:c1b42fc9e6ac912a44667ef4cee02090fab37d50fc3a9928c46ae728c0610f58,H_alpha_0.05,H_alpha,0.05,True,8,121,113,lead,True
recalibrated_symmetric_domain,symmetric_bridge,42,20270712,2,97595671,completed,0.2,0.5,0.8,6.0,30,210,240,0.2,8343958766,sha256:c1b42fc9e6ac912a44667ef4cee02090fab37d50fc3a9928c46ae728c0610f58,H_alpha_0.10,H_alpha,0.1,True,11,121,110,lead,True
recalibrated_symmetric_domain,symmetric_bridge,42,20270712,2,97595671,completed,0.2,0.5,0.8,6.0,30,210,240,0.2,8343958766,sha256:c1b42fc9e6ac912a44667ef4cee02090fab37d50fc3a9928c46ae728c0610f58,H_alpha_0.20,H_alpha,0.2,True,12,121,109,lead,True
recalibrated_symmetric_domain,symmetric_bridge,42,20270712,2,97595671,completed,0.2,0.5,0.8,6.0,30,210,240,0.2,8343958766,sha256:c1b42fc9e6ac912a44667ef4cee02090fab37d50fc3a9928c46ae728c0610f58,H_gamma_0.05,H_gamma,0.05,True,8,121,113,lead,True
recalibrated_symmetric_domain,symmetric_bridge,42,20270712,2,97595671,completed,0.2,0.5,0.8,6.0,30,210,240,0.2,8343958766,sha256:c1b42fc9e6ac912a44667ef4cee02090fab37d50fc3a9928c46ae728c0610f58,H_gamma_0.10,H_gamma,0.1,True,15,121,106,lead,True
recalibrated_symmetric_domain,symmetric_bridge,42,20270712,2,97595671,completed,0.2,0.5,0.8,6.0,30,210,240,0.2,8343958766,sha256:c1b42fc9e6ac912a44667ef4cee02090fab37d50fc3a9928c46ae728c0610f58,H_gamma_0.20,H_gamma,0.2,True,54,121,67,lead,True
recalibrated_symmetric_domain,symmetric_bridge,43,20270712,3,97595772,completed,0.2,0.5,0.8,6.0,30,210,240,0.2,8343958766,sha256:c1b42fc9e6ac912a44667ef4cee02090fab37d50fc3a9928c46ae728c0610f58,H_alpha_0.05,H_alpha,0.05,True,7,,,trait_loss_censored,False
recalibrated_symmetric_domain,symmetric_bridge,43,20270712,3,97595772,completed,0.2,0.5,0.8,6.0,30,210,240,0.2,8343958766,sha256:c1b42fc9e6ac912a44667ef4cee02090fab37d50fc3a9928c46ae728c0610f58,H_alpha_0.10,H_alpha,0.1,True,7,,,trait_loss_censored,False
recalibrated_symmetric_domain,symmetric_bridge,43,20270712,3,97595772,completed,0.2,0.5,0.8,6.0,30,210,240,0.2,8343958766,sha256:c1b42fc9e6ac912a44667ef4cee02090fab37d50fc3a9928c46ae728c0610f58,H_alpha_0.20,H_alpha,0.2,True,8,,,trait_loss_censored,False
recalibrated_symmetric_domain,symmetric_bridge,43,20270712,3,97595772,completed,0.2,0.5,0.8,6.0,30,210,240,0.2,8343958766,sha256:c1b42fc9e6ac912a44667ef4cee02090fab37d50fc3a9928c46ae728c0610f58,H_gamma_0.05,H_gamma,0.05,True,7,,,trait_loss_censored,False
recalibrated_symmetric_domain,symmetric_bridge,43,20270712,3,97595772,completed,0.2,0.5,0.8,6.0,30,210,240,0.2,8343958766,sha256:c1b42fc9e6ac912a44667ef4cee02090fab37d50fc3a9928c46ae728c0610f58,H_gamma_0.10,H_gamma,0.1,True,7,,,trait_loss_censored,False
recalibrated_symmetric_domain,symmetric_bridge,43,20270712,3,97595772,completed,0.2,0.5,0.8,6.0,30,210,240,0.2,8343958766,sha256:c1b42fc9e6ac912a44667ef4cee02090fab37d50fc3a9928c46ae728c0610f58,H_gamma_0.20,H_gamma,0.2,True,10,,,trait_loss_censored,False
recalibrated_symmetric_domain,symmetric_bridge,44,20270712,4,97595873,completed,0.2,0.5,0.8,6.0,30,210,240,0.2,8343958766,sha256:c1b42fc9e6ac912a44667ef4cee02090fab37d50fc3a9928c46ae728c0610f58,H_alpha_0.05,H_alpha,0.05,True,13,71,58,lead,True
recalibrated_symmetric_domain,symmetric_bridge,44,20270712,4,97595873,completed,0.2,0.5,0.8,6.0,30,210,240,0.2,8343958766,sha256:c1b42fc9e6ac912a44667ef4cee02090fab37d50fc3a9928c46ae728c0610f58,H_alpha_0.10,H_alpha,0.1,True,17,71,54,lead,True
recalibrated_symmetric_domain,symmetric_bridge,44,20270712,4,97595873,completed,0.2,0.5,0.8,6.0,30,210,240,0.2,8343958766,sha256:c1b42fc9e6ac912a44667ef4cee02090fab37d50fc3a9928c46ae728c0610f58,H_alpha_0.20,H_alpha,0.2,True,26,71,45,lead,True
recalibrated_symmetric_domain,symmetric_bridge,44,20270712,4,97595873,completed,0.2,0.5,0.8,6.0,30,210,240,0.2,8343958766,sha256:c1b42fc9e6ac912a44667ef4cee02090fab37d50fc3a9928c46ae728c0610f58,H_gamma_0.05,H_gamma,0.05,True,24,71,47,lead,True
recalibrated_symmetric_domain,symmetric_bridge,44,20270712,4,97595873,completed,0.2,0.5,0.8,6.0,30,210,240,0.2,8343958766,sha256:c1b42fc9e6ac912a44667ef4cee02090fab37d50fc3a9928c46ae728c0610f58,H_gamma_0.10,H_gamma,0.1,True,24,71,47,lead,True
recalibrated_symmetric_domain,symmetric_bridge,44,20270712,4,97595873,completed,0.2,0.5,0.8,6.0,30,210,240,0.2,8343958766,sha256:c1b42fc9e6ac912a44667ef4cee02090fab37d50fc3a9928c46ae728c0610f58,H_gamma_0.20,H_gamma,0.2,True,51,71,20,lead,True
recalibrated_symmetric_domain,symmetric_bridge,45,20270712,5,97595974,source_preparation_failed,0.2,0.5,0.8,6.0,30,210,240,0.2,8343958766,sha256:c1b42fc9e6ac912a44667ef4cee02090fab37d50fc3a9928c46ae728c0610f58,H_alpha_0.05,H_alpha,0.05,False,,,,source_preparation_failed,False
recalibrated_symmetric_domain,symmetric_bridge,45,20270712,5,97595974,source_preparation_failed,0.2,0.5,0.8,6.0,30,210,240,0.2,8343958766,sha256:c1b42fc9e6ac912a44667ef4cee02090fab37d50fc3a9928c46ae728c0610f58,H_alpha_0.10,H_alpha,0.1,False,,,,source_preparation_failed,False
recalibrated_symmetric_domain,symmetric_bridge,45,20270712,5,97595974,source_preparation_failed,0.2,0.5,0.8,6.0,30,210,240,0.2,8343958766,sha256:c1b42fc9e6ac912a44667ef4cee02090fab37d50fc3a9928c46ae728c0610f58,H_alpha_0.20,H_alpha,0.2,False,,,,source_preparation_failed,False
recalibrated_symmetric_domain,symmetric_bridge,45,20270712,5,97595974,source_preparation_failed,0.2,0.5,0.8,6.0,30,210,240,0.2,8343958766,sha256:c1b42fc9e6ac912a44667ef4cee02090fab37d50fc3a9928c46ae728c0610f58,H_gamma_0.05,H_gamma,0.05,False,,,,source_preparation_failed,False
recalibrated_symmetric_domain,symmetric_bridge,45,20270712,5,97595974,source_preparation_failed,0.2,0.5,0.8,6.0,30,210,240,0.2,8343958766,sha256:c1b42fc9e6ac912a44667ef4cee02090fab37d50fc3a9928c46ae728c0610f58,H_gamma_0.10,H_gamma,0.1,False,,,,source_preparation_failed,False
recalibrated_symmetric_domain,symmetric_bridge,45,20270712,5,97595974,source_preparation_failed,0.2,0.5,0.8,6.0,30,210,240,0.2,8343958766,sha256:c1b42fc9e6ac912a44667ef4cee02090fab37d50fc3a9928c46ae728c0610f58,H_gamma_0.20,H_gamma,0.2,False,,,,source_preparation_failed,False
recalibrated_symmetric_domain,symmetric_bridge,46,20270712,6,97596075,completed,0.2,0.5,0.8,6.0,30,210,240,0.2,8343958766,sha256:c1b42fc9e6ac912a44667ef4cee02090fab37d50fc3a9928c46ae728c0610f58,H_alpha_0.05,H_alpha,0.05,True,1,186,185,lead,True
recalibrated_symmetric_domain,symmetric_bridge,46,20270712,6,97596075,completed,0.2,0.5,0.8,6.0,30,210,240,0.2,8343958766,sha256:c1b42fc9e6ac912a44667ef4cee02090fab37d50fc3a9928c46ae728c0610f58,H_alpha_0.10,H_alpha,0.1,True,1,186,185,lead,True
recalibrated_symmetric_domain,symmetric_bridge,46,20270712,6,97596075,completed,0.2,0.5,0.8,6.0,30,210,240,0.2,8343958766,sha256:c1b42fc9e6ac912a44667ef4cee02090fab37d50fc3a9928c46ae728c0610f58,H_alpha_0.20,H_alpha,0.2,True,1,186,185,lead,True
recalibrated_symmetric_domain,symmetric_bridge,46,20270712,6,97596075,completed,0.2,0.5,0.8,6.0,30,210,240,0.2,8343958766,sha256:c1b42fc9e6ac912a44667ef4cee02090fab37d50fc3a9928c46ae728c0610f58,H_gamma_0.05,H_gamma,0.05,True,4,186,182,lead,True
recalibrated_symmetric_domain,symmetric_bridge,46,20270712,6,97596075,completed,0.2,0.5,0.8,6.0,30,210,240,0.2,8343958766,sha256:c1b42fc9e6ac912a44667ef4cee02090fab37d50fc3a9928c46ae728c0610f58,H_gamma_0.10,H_gamma,0.1,True,5,186,181,lead,True
recalibrated_symmetric_domain,symmetric_bridge,46,20270712,6,97596075,completed,0.2,0.5,0.8,6.0,30,210,240,0.2,8343958766,sha256:c1b42fc9e6ac912a44667ef4cee02090fab37d50fc3a9928c46ae728c0610f58,H_gamma_0.20,H_gamma,0.2,True,10,186,176,lead,True
recalibrated_symmetric_domain,symmetric_bridge,47,20270712,7,97596176,completed,0.2,0.5,0.8,6.0,30,210,240,0.2,8343958766,sha256:c1b42fc9e6ac912a44667ef4cee02090fab37d50fc3a9928c46ae728c0610f58,H_alpha_0.05,H_alpha,0.05,True,4,,,trait_loss_censored,False
recalibrated_symmetric_domain,symmetric_bridge,47,20270712,7,97596176,completed,0.2,0.5,0.8,6.0,30,210,240,0.2,8343958766,sha256:c1b42fc9e6ac912a44667ef4cee02090fab37d50fc3a9928c46ae728c0610f58,H_alpha_0.10,H_alpha,0.1,True,7,,,trait_loss_censored,False
recalibrated_symmetric_domain,symmetric_bridge,47,20270712,7,97596176,completed,0.2,0.5,0.8,6.0,30,210,240,0.2,8343958766,sha256:c1b42fc9e6ac912a44667ef4cee02090fab37d50fc3a9928c46ae728c0610f58,H_alpha_0.20,H_alpha,0.2,True,7,,,trait_loss_censored,False
recalibrated_symmetric_domain,symmetric_bridge,47,20270712,7,97596176,completed,0.2,0.5,0.8,6.0,30,210,240,0.2,8343958766,sha256:c1b42fc9e6ac912a44667ef4cee02090fab37d50fc3a9928c46ae728c0610f58,H_gamma_0.05,H_gamma,0.05,True,8,,,trait_loss_censored,False
recalibrated_symmetric_domain,symmetric_bridge,47,20270712,7,97596176,completed,0.2,0.5,0.8,6.0,30,210,240,0.2,8343958766,sha256:c1b42fc9e6ac912a44667ef4cee02090fab37d50fc3a9928c46ae728c0610f58,H_gamma_0.10,H_gamma,0.1,True,8,,,trait_loss_censored,False
recalibrated_symmetric_domain,symmetric_bridge,47,20270712,7,97596176,completed,0.2,0.5,0.8,6.0,30,210,240,0.2,8343958766,sha256:c1b42fc9e6ac912a44667ef4cee02090fab37d50fc3a9928c46ae728c0610f58,H_gamma_0.20,H_gamma,0.2,True,31,,,trait_loss_censored,False
recalibrated_symmetric_domain,symmetric_bridge,48,20270712,8,97596277,completed,0.2,0.5,0.8,6.0,30,210,240,0.2,8343958766,sha256:c1b42fc9e6ac912a44667ef4cee02090fab37d50fc3a9928c46ae728c0610f58,H_alpha_0.05,H_alpha,0.05,True,3,,,trait_loss_censored,False
recalibrated_symmetric_domain,symmetric_bridge,48,20270712,8,97596277,completed,0.2,0.5,0.8,6.0,30,210,240,0.2,8343958766,sha256:c1b42fc9e6ac912a44667ef4cee02090fab37d50fc3a9928c46ae728c0610f58,H_alpha_0.10,H_alpha,0.1,True,6,,,trait_loss_censored,False
recalibrated_symmetric_domain,symmetric_bridge,48,20270712,8,97596277,completed,0.2,0.5,0.8,6.0,30,210,240,0.2,8343958766,sha256:c1b42fc9e6ac912a44667ef4cee02090fab37d50fc3a9928c46ae728c0610f58,H_alpha_0.20,H_alpha,0.2,True,10,,,trait_loss_censored,False
recalibrated_symmetric_domain,symmetric_bridge,48,20270712,8,97596277,completed,0.2,0.5,0.8,6.0,30,210,240,0.2,8343958766,sha256:c1b42fc9e6ac912a44667ef4cee02090fab37d50fc3a9928c46ae728c0610f58,H_gamma_0.05,H_gamma,0.05,True,6,,,trait_loss_censored,False
recalibrated_symmetric_domain,symmetric_bridge,48,20270712,8,97596277,completed,0.2,0.5,0.8,6.0,30,210,240,0.2,8343958766,sha256:c1b42fc9e6ac912a44667ef4cee02090fab37d50fc3a9928c46ae728c0610f58,H_gamma_0.10,H_gamma,0.1,True,10,,,trait_loss_censored,False
recalibrated_symmetric_domain,symmetric_bridge,48,20270712,8,97596277,completed,0.2,0.5,0.8,6.0,30,210,240,0.2,8343958766,sha256:c1b42fc9e6ac912a44667ef4cee02090fab37d50fc3a9928c46ae728c0610f58,H_gamma_0.20,H_gamma,0.2,True,10,,,trait_loss_censored,False
recalibrated_symmetric_domain,symmetric_bridge,49,20270712,9,97596378,completed,0.2,0.5,0.8,6.0,30,210,240,0.2,8343958766,sha256:c1b42fc9e6ac912a44667ef4cee02090fab37d50fc3a9928c46ae728c0610f58,H_alpha_0.05,H_alpha,0.05,True,2,14,12,lead,True
recalibrated_symmetric_domain,symmetric_bridge,49,20270712,9,97596378,completed,0.2,0.5,0.8,6.0,30,210,240,0.2,8343958766,sha256:c1b42fc9e6ac912a44667ef4cee02090fab37d50fc3a9928c46ae728c0610f58,H_alpha_0.10,H_alpha,0.1,True,2,14,12,lead,True
recalibrated_symmetric_domain,symmetric_bridge,49,20270712,9,97596378,completed,0.2,0.5,0.8,6.0,30,210,240,0.2,8343958766,sha256:c1b42fc9e6ac912a44667ef4cee02090fab37d50fc3a9928c46ae728c0610f58,H_alpha_0.20,H_alpha,0.2,True,10,14,4,lead,True
recalibrated_symmetric_domain,symmetric_bridge,49,20270712,9,97596378,completed,0.2,0.5,0.8,6.0,30,210,240,0.2,8343958766,sha256:c1b42fc9e6ac912a44667ef4cee02090fab37d50fc3a9928c46ae728c0610f58,H_gamma_0.05,H_gamma,0.05,True,10,14,4,lead,True
recalibrated_symmetric_domain,symmetric_bridge,49,20270712,9,97596378,completed,0.2,0.5,0.8,6.0,30,210,240,0.2,8343958766,sha256:c1b42fc9e6ac912a44667ef4cee02090fab37d50fc3a9928c46ae728c0610f58,H_gamma_0.10,H_gamma,0.1,True,10,14,4,lead,True
recalibrated_symmetric_domain,symmetric_bridge,49,20270712,9,97596378,completed,0.2,0.5,0.8,6.0,30,210,240,0.2,8343958766,sha256:c1b42fc9e6ac912a44667ef4cee02090fab37d50fc3a9928c46ae728c0610f58,H_gamma_0.20,H_gamma,0.2,True,11,14,3,lead,True
recalibrated_symmetric_domain,symmetric_bridge,50,20270712,10,97596479,completed,0.2,0.5,0.8,6.0,30,210,240,0.2,8343958766,sha256:c1b42fc9e6ac912a44667ef4cee02090fab37d50fc3a9928c46ae728c0610f58,H_alpha_0.05,H_alpha,0.05,True,3,97,94,lead,True
recalibrated_symmetric_domain,symmetric_bridge,50,20270712,10,97596479,completed,0.2,0.5,0.8,6.0,30,210,240,0.2,8343958766,sha256:c1b42fc9e6ac912a44667ef4cee02090fab37d50fc3a9928c46ae728c0610f58,H_alpha_0.10,H_alpha,0.1,True,3,97,94,lead,True
recalibrated_symmetric_domain,symmetric_bridge,50,20270712,10,97596479,completed,0.2,0.5,0.8,6.0,30,210,240,0.2,8343958766,sha256:c1b42fc9e6ac912a44667ef4cee02090fab37d50fc3a9928c46ae728c0610f58,H_alpha_0.20,H_alpha,0.2,True,5,97,92,lead,True
recalibrated_symmetric_domain,symmetric_bridge,50,20270712,10,97596479,completed,0.2,0.5,0.8,6.0,30,210,240,0.2,8343958766,sha256:c1b42fc9e6ac912a44667ef4cee02090fab37d50fc3a9928c46ae728c0610f58,H_gamma_0.05,H_gamma,0.05,True,4,97,93,lead,True
recalibrated_symmetric_domain,symmetric_bridge,50,20270712,10,97596479,completed,0.2,0.5,0.8,6.0,30,210,240,0.2,8343958766,sha256:c1b42fc9e6ac912a44667ef4cee02090fab37d50fc3a9928c46ae728c0610f58,H_gamma_0.10,H_gamma,0.1,True,4,97,93,lead,True
recalibrated_symmetric_domain,symmetric_bridge,50,20270712,10,97596479,completed,0.2,0.5,0.8,6.0,30,210,240,0.2,8343958766,sha256:c1b42fc9e6ac912a44667ef4cee02090fab37d50fc3a9928c46ae728c0610f58,H_gamma_0.20,H_gamma,0.2,True,6,97,91,lead,True
recalibrated_symmetric_domain,symmetric_bridge,51,20270712,11,97596580,source_preparation_failed,0.2,0.5,0.8,6.0,30,210,240,0.2,8343958766,sha256:c1b42fc9e6ac912a44667ef4cee02090fab37d50fc3a9928c46ae728c0610f58,H_alpha_0.05,H_alpha,0.05,False,,,,source_preparation_failed,False
recalibrated_symmetric_domain,symmetric_bridge,51,20270712,11,97596580,source_preparation_failed,0.2,0.5,0.8,6.0,30,210,240,0.2,8343958766,sha256:c1b42fc9e6ac912a44667ef4cee02090fab37d50fc3a9928c46ae728c0610f58,H_alpha_0.10,H_alpha,0.1,False,,,,source_preparation_failed,False
recalibrated_symmetric_domain,symmetric_bridge,51,20270712,11,97596580,source_preparation_failed,0.2,0.5,0.8,6.0,30,210,240,0.2,8343958766,sha256:c1b42fc9e6ac912a44667ef4cee02090fab37d50fc3a9928c46ae728c0610f58,H_alpha_0.20,H_alpha,0.2,False,,,,source_preparation_failed,False
recalibrated_symmetric_domain,symmetric_bridge,51,20270712,11,97596580,source_preparation_failed,0.2,0.5,0.8,6.0,30,210,240,0.2,8343958766,sha256:c1b42fc9e6ac912a44667ef4cee02090fab37d50fc3a9928c46ae728c0610f58,H_gamma_0.05,H_gamma,0.05,False,,,,source_preparation_failed,False
recalibrated_symmetric_domain,symmetric_bridge,51,20270712,11,97596580,source_preparation_failed,0.2,0.5,0.8,6.0,30,210,240,0.2,8343958766,sha256:c1b42fc9e6ac912a44667ef4cee02090fab37d50fc3a9928c46ae728c0610f58,H_gamma_0.10,H_gamma,0.1,False,,,,source_preparation_failed,False
recalibrated_symmetric_domain,symmetric_bridge,51,20270712,11,97596580,source_preparation_failed,0.2,0.5,0.8,6.0,30,210,240,0.2,8343958766,sha256:c1b42fc9e6ac912a44667ef4cee02090fab37d50fc3a9928c46ae728c0610f58,H_gamma_0.20,H_gamma,0.2,False,,,,source_preparation_failed,False
recalibrated_symmetric_domain,symmetric_bridge,52,20270712,12,97596681,completed,0.2,0.5,0.8,6.0,30,210,240,0.2,8343958766,sha256:c1b42fc9e6ac912a44667ef4cee02090fab37d50fc3a9928c46ae728c0610f58,H_alpha_0.05,H_alpha,0.05,True,4,,,trait_loss_censored,False
recalibrated_symmetric_domain,symmetric_bridge,52,20270712,12,97596681,completed,0.2,0.5,0.8,6.0,30,210,240,0.2,8343958766,sha256:c1b42fc9e6ac912a44667ef4cee02090fab37d50fc3a9928c46ae728c0610f58,H_alpha_0.10,H_alpha,0.1,True,4,,,trait_loss_censored,False
recalibrated_symmetric_domain,symmetric_bridge,52,20270712,12,97596681,completed,0.2,0.5,0.8,6.0,30,210,240,0.2,8343958766,sha256:c1b42fc9e6ac912a44667ef4cee02090fab37d50fc3a9928c46ae728c0610f58,H_alpha_0.20,H_alpha,0.2,True,5,,,trait_loss_censored,False
recalibrated_symmetric_domain,symmetric_bridge,52,20270712,12,97596681,completed,0.2,0.5,0.8,6.0,30,210,240,0.2,8343958766,sha256:c1b42fc9e6ac912a44667ef4cee02090fab37d50fc3a9928c46ae728c0610f58,H_gamma_0.05,H_gamma,0.05,True,10,,,trait_loss_censored,False
recalibrated_symmetric_domain,symmetric_bridge,52,20270712,12,97596681,completed,0.2,0.5,0.8,6.0,30,210,240,0.2,8343958766,sha256:c1b42fc9e6ac912a44667ef4cee02090fab37d50fc3a9928c46ae728c0610f58,H_gamma_0.10,H_gamma,0.1,True,18,,,trait_loss_censored,False
recalibrated_symmetric_domain,symmetric_bridge,52,20270712,12,97596681,completed,0.2,0.5,0.8,6.0,30,210,240,0.2,8343958766,sha256:c1b42fc9e6ac912a44667ef4cee02090fab37d50fc3a9928c46ae728c0610f58,H_gamma_0.20,H_gamma,0.2,True,24,,,trait_loss_censored,False
recalibrated_symmetric_domain,symmetric_bridge,53,20270712,13,97596782,completed,0.2,0.5,0.8,6.0,30,210,240,0.2,8343958766,sha256:c1b42fc9e6ac912a44667ef4cee02090fab37d50fc3a9928c46ae728c0610f58,H_alpha_0.05,H_alpha,0.05,True,3,,,trait_loss_censored,False
recalibrated_symmetric_domain,symmetric_bridge,53,20270712,13,97596782,completed,0.2,0.5,0.8,6.0,30,210,240,0.2,8343958766,sha256:c1b42fc9e6ac912a44667ef4cee02090fab37d50fc3a9928c46ae728c0610f58,H_alpha_0.10,H_alpha,0.1,True,3,,,trait_loss_censored,False
recalibrated_symmetric_domain,symmetric_bridge,53,20270712,13,97596782,completed,0.2,0.5,0.8,6.0,30,210,240,0.2,8343958766,sha256:c1b42fc9e6ac912a44667ef4cee02090fab37d50fc3a9928c46ae728c0610f58,H_alpha_0.20,H_alpha,0.2,True,3,,,trait_loss_censored,False
recalibrated_symmetric_domain,symmetric_bridge,53,20270712,13,97596782,completed,0.2,0.5,0.8,6.0,30,210,240,0.2,8343958766,sha256:c1b42fc9e6ac912a44667ef4cee02090fab37d50fc3a9928c46ae728c0610f58,H_gamma_0.05,H_gamma,0.05,True,3,,,trait_loss_censored,False
recalibrated_symmetric_domain,symmetric_bridge,53,20270712,13,97596782,completed,0.2,0.5,0.8,6.0,30,210,240,0.2,8343958766,sha256:c1b42fc9e6ac912a44667ef4cee02090fab37d50fc3a9928c46ae728c0610f58,H_gamma_0.10,H_gamma,0.1,True,3,,,trait_loss_censored,False
recalibrated_symmetric_domain,symmetric_bridge,53,20270712,13,97596782,completed,0.2,0.5,0.8,6.0,30,210,240,0.2,8343958766,sha256:c1b42fc9e6ac912a44667ef4cee02090fab37d50fc3a9928c46ae728c0610f58,H_gamma_0.20,H_gamma,0.2,True,3,,,trait_loss_censored,False
recalibrated_symmetric_domain,symmetric_bridge,54,20270712,14,97596883,completed,0.2,0.5,0.8,6.0,30,210,240,0.2,8343958766,sha256:c1b42fc9e6ac912a44667ef4cee02090fab37d50fc3a9928c46ae728c0610f58,H_alpha_0.05,H_alpha,0.05,True,3,,,trait_loss_censored,False
recalibrated_symmetric_domain,symmetric_bridge,54,20270712,14,97596883,completed,0.2,0.5,0.8,6.0,30,210,240,0.2,8343958766,sha256:c1b42fc9e6ac912a44667ef4cee02090fab37d50fc3a9928c46ae728c0610f58,H_alpha_0.10,H_alpha,0.1,True,6,,,trait_loss_censored,False
recalibrated_symmetric_domain,symmetric_bridge,54,20270712,14,97596883,completed,0.2,0.5,0.8,6.0,30,210,240,0.2,8343958766,sha256:c1b42fc9e6ac912a44667ef4cee02090fab37d50fc3a9928c46ae728c0610f58,H_alpha_0.20,H_alpha,0.2,True,9,,,trait_loss_censored,False
recalibrated_symmetric_domain,symmetric_bridge,54,20270712,14,97596883,completed,0.2,0.5,0.8,6.0,30,210,240,0.2,8343958766,sha256:c1b42fc9e6ac912a44667ef4cee02090fab37d50fc3a9928c46ae728c0610f58,H_gamma_0.05,H_gamma,0.05,True,6,,,trait_loss_censored,False
recalibrated_symmetric_domain,symmetric_bridge,54,20270712,14,97596883,completed,0.2,0.5,0.8,6.0,30,210,240,0.2,8343958766,sha256:c1b42fc9e6ac912a44667ef4cee02090fab37d50fc3a9928c46ae728c0610f58,H_gamma_0.10,H_gamma,0.1,True,6,,,trait_loss_censored,False
recalibrated_symmetric_domain,symmetric_bridge,54,20270712,14,97596883,completed,0.2,0.5,0.8,6.0,30,210,240,0.2,8343958766,sha256:c1b42fc9e6ac912a44667ef4cee02090fab37d50fc3a9928c46ae728c0610f58,H_gamma_0.20,H_gamma,0.2,True,9,,,trait_loss_censored,False
recalibrated_symmetric_domain,symmetric_bridge,55,20270712,15,97596984,completed,0.2,0.5,0.8,6.0,30,210,240,0.2,8343958766,sha256:c1b42fc9e6ac912a44667ef4cee02090fab37d50fc3a9928c46ae728c0610f58,H_alpha_0.05,H_alpha,0.05,True,2,114,112,lead,True
recalibrated_symmetric_domain,symmetric_bridge,55,20270712,15,97596984,completed,0.2,0.5,0.8,6.0,30,210,240,0.2,8343958766,sha256:c1b42fc9e6ac912a44667ef4cee02090fab37d50fc3a9928c46ae728c0610f58,H_alpha_0.10,H_alpha,0.1,True,2,114,112,lead,True
recalibrated_symmetric_domain,symmetric_bridge,55,20270712,15,97596984,completed,0.2,0.5,0.8,6.0,30,210,240,0.2,8343958766,sha256:c1b42fc9e6ac912a44667ef4cee02090fab37d50fc3a9928c46ae728c0610f58,H_alpha_0.20,H_alpha,0.2,True,2,114,112,lead,True
recalibrated_symmetric_domain,symmetric_bridge,55,20270712,15,97596984,completed,0.2,0.5,0.8,6.0,30,210,240,0.2,8343958766,sha256:c1b42fc9e6ac912a44667ef4cee02090fab37d50fc3a9928c46ae728c0610f58,H_gamma_0.05,H_gamma,0.05,True,2,114,112,lead,True
recalibrated_symmetric_domain,symmetric_bridge,55,20270712,15,97596984,completed,0.2,0.5,0.8,6.0,30,210,240,0.2,8343958766,sha256:c1b42fc9e6ac912a44667ef4cee02090fab37d50fc3a9928c46ae728c0610f58,H_gamma_0.10,H_gamma,0.1,True,2,114,112,lead,True
recalibrated_symmetric_domain,symmetric_bridge,55,20270712,15,97596984,completed,0.2,0.5,0.8,6.0,30,210,240,0.2,8343958766,sha256:c1b42fc9e6ac912a44667ef4cee02090fab37d50fc3a9928c46ae728c0610f58,H_gamma_0.20,H_gamma,0.2,True,8,114,106,lead,True
recalibrated_symmetric_domain,symmetric_bridge,56,20270712,16,97597085,completed,0.2,0.5,0.8,6.0,30,210,240,0.2,8343958766,sha256:c1b42fc9e6ac912a44667ef4cee02090fab37d50fc3a9928c46ae728c0610f58,H_alpha_0.05,H_alpha,0.05,True,3,145,142,lead,True
recalibrated_symmetric_domain,symmetric_bridge,56,20270712,16,97597085,completed,0.2,0.5,0.8,6.0,30,210,240,0.2,8343958766,sha256:c1b42fc9e6ac912a44667ef4cee02090fab37d50fc3a9928c46ae728c0610f58,H_alpha_0.10,H_alpha,0.1,True,3,145,142,lead,True
recalibrated_symmetric_domain,symmetric_bridge,56,20270712,16,97597085,completed,0.2,0.5,0.8,6.0,30,210,240,0.2,8343958766,sha256:c1b42fc9e6ac912a44667ef4cee02090fab37d50fc3a9928c46ae728c0610f58,H_alpha_0.20,H_alpha,0.2,True,3,145,142,lead,True
recalibrated_symmetric_domain,symmetric_bridge,56,20270712,16,97597085,completed,0.2,0.5,0.8,6.0,30,210,240,0.2,8343958766,sha256:c1b42fc9e6ac912a44667ef4cee02090fab37d50fc3a9928c46ae728c0610f58,H_gamma_0.05,H_gamma,0.05,True,4,145,141,lead,True
recalibrated_symmetric_domain,symmetric_bridge,56,20270712,16,97597085,completed,0.2,0.5,0.8,6.0,30,210,240,0.2,8343958766,sha256:c1b42fc9e6ac912a44667ef4cee02090fab37d50fc3a9928c46ae728c0610f58,H_gamma_0.10,H_gamma,0.1,True,5,145,140,lead,True
recalibrated_symmetric_domain,symmetric_bridge,56,20270712,16,97597085,completed,0.2,0.5,0.8,6.0,30,210,240,0.2,8343958766,sha256:c1b42fc9e6ac912a44667ef4cee02090fab37d50fc3a9928c46ae728c0610f58,H_gamma_0.20,H_gamma,0.2,True,11,145,134,lead,True
recalibrated_symmetric_domain,symmetric_bridge,57,20270712,17,97597186,completed,0.2,0.5,0.8,6.0,30,210,240,0.2,8343958766,sha256:c1b42fc9e6ac912a44667ef4cee02090fab37d50fc3a9928c46ae728c0610f58,H_alpha_0.05,H_alpha,0.05,True,3,11,8,lead,True
recalibrated_symmetric_domain,symmetric_bridge,57,20270712,17,97597186,completed,0.2,0.5,0.8,6.0,30,210,240,0.2,8343958766,sha256:c1b42fc9e6ac912a44667ef4cee02090fab37d50fc3a9928c46ae728c0610f58,H_alpha_0.10,H_alpha,0.1,True,4,11,7,lead,True
recalibrated_symmetric_domain,symmetric_bridge,57,20270712,17,97597186,completed,0.2,0.5,0.8,6.0,30,210,240,0.2,8343958766,sha256:c1b42fc9e6ac912a44667ef4cee02090fab37d50fc3a9928c46ae728c0610f58,H_alpha_0.20,H_alpha,0.2,True,6,11,5,lead,True
recalibrated_symmetric_domain,symmetric_bridge,57,20270712,17,97597186,completed,0.2,0.5,0.8,6.0,30,210,240,0.2,8343958766,sha256:c1b42fc9e6ac912a44667ef4cee02090fab37d50fc3a9928c46ae728c0610f58,H_gamma_0.05,H_gamma,0.05,True,3,11,8,lead,True
recalibrated_symmetric_domain,symmetric_bridge,57,20270712,17,97597186,completed,0.2,0.5,0.8,6.0,30,210,240,0.2,8343958766,sha256:c1b42fc9e6ac912a44667ef4cee02090fab37d50fc3a9928c46ae728c0610f58,H_gamma_0.10,H_gamma,0.1,True,6,11,5,lead,True
recalibrated_symmetric_domain,symmetric_bridge,57,20270712,17,97597186,completed,0.2,0.5,0.8,6.0,30,210,240,0.2,8343958766,sha256:c1b42fc9e6ac912a44667ef4cee02090fab37d50fc3a9928c46ae728c0610f58,H_gamma_0.20,H_gamma,0.2,True,7,11,4,lead,True
recalibrated_symmetric_domain,symmetric_bridge,58,20270712,18,97597287,completed,0.2,0.5,0.8,6.0,30,210,240,0.2,8343958766,sha256:c1b42fc9e6ac912a44667ef4cee02090fab37d50fc3a9928c46ae728c0610f58,H_alpha_0.05,H_alpha,0.05,True,3,190,187,lead,True
recalibrated_symmetric_domain,symmetric_bridge,58,20270712,18,97597287,completed,0.2,0.5,0.8,6.0,30,210,240,0.2,8343958766,sha256:c1b42fc9e6ac912a44667ef4cee02090fab37d50fc3a9928c46ae728c0610f58,H_alpha_0.10,H_alpha,0.1,True,5,190,185,lead,True
recalibrated_symmetric_domain,symmetric_bridge,58,20270712,18,97597287,completed,0.2,0.5,0.8,6.0,30,210,240,0.2,8343958766,sha256:c1b42fc9e6ac912a44667ef4cee02090fab37d50fc3a9928c46ae728c0610f58,H_alpha_0.20,H_alpha,0.2,True,5,190,185,lead,True
recalibrated_symmetric_domain,symmetric_bridge,58,20270712,18,97597287,completed,0.2,0.5,0.8,6.0,30,210,240,0.2,8343958766,sha256:c1b42fc9e6ac912a44667ef4cee02090fab37d50fc3a9928c46ae728c0610f58,H_gamma_0.05,H_gamma,0.05,True,7,190,183,lead,True
recalibrated_symmetric_domain,symmetric_bridge,58,20270712,18,97597287,completed,0.2,0.5,0.8,6.0,30,210,240,0.2,8343958766,sha256:c1b42fc9e6ac912a44667ef4cee02090fab37d50fc3a9928c46ae728c0610f58,H_gamma_0.10,H_gamma,0.1,True,17,190,173,lead,True
recalibrated_symmetric_domain,symmetric_bridge,58,20270712,18,97597287,completed,0.2,0.5,0.8,6.0,30,210,240,0.2,8343958766,sha256:c1b42fc9e6ac912a44667ef4cee02090fab37d50fc3a9928c46ae728c0610f58,H_gamma_0.20,H_gamma,0.2,True,43,190,147,lead,True
recalibrated_symmetric_domain,symmetric_bridge,59,20270712,19,97597388,completed,0.2,0.5,0.8,6.0,30,210,240,0.2,8343958766,sha256:c1b42fc9e6ac912a44667ef4cee02090fab37d50fc3a9928c46ae728c0610f58,H_alpha_0.05,H_alpha,0.05,True,7,85,78,lead,True
recalibrated_symmetric_domain,symmetric_bridge,59,20270712,19,97597388,completed,0.2,0.5,0.8,6.0,30,210,240,0.2,8343958766,sha256:c1b42fc9e6ac912a44667ef4cee02090fab37d50fc3a9928c46ae728c0610f58,H_alpha_0.10,H_alpha,0.1,True,7,85,78,lead,True
recalibrated_symmetric_domain,symmetric_bridge,59,20270712,19,97597388,completed,0.2,0.5,0.8,6.0,30,210,240,0.2,8343958766,sha256:c1b42fc9e6ac912a44667ef4cee02090fab37d50fc3a9928c46ae728c0610f58,H_alpha_0.20,H_alpha,0.2,True,14,85,71,lead,True
recalibrated_symmetric_domain,symmetric_bridge,59,20270712,19,97597388,completed,0.2,0.5,0.8,6.0,30,210,240,0.2,8343958766,sha256:c1b42fc9e6ac912a44667ef4cee02090fab37d50fc3a9928c46ae728c0610f58,H_gamma_0.05,H_gamma,0.05,True,10,85,75,lead,True
recalibrated_symmetric_domain,symmetric_bridge,59,20270712,19,97597388,completed,0.2,0.5,0.8,6.0,30,210,240,0.2,8343958766,sha256:c1b42fc9e6ac912a44667ef4cee02090fab37d50fc3a9928c46ae728c0610f58,H_gamma_0.10,H_gamma,0.1,True,12,85,73,lead,True
recalibrated_symmetric_domain,symmetric_bridge,59,20270712,19,97597388,completed,0.2,0.5,0.8,6.0,30,210,240,0.2,8343958766,sha256:c1b42fc9e6ac912a44667ef4cee02090fab37d50fc3a9928c46ae728c0610f58,H_gamma_0.20,H_gamma,0.2,True,14,85,71,lead,True
recalibrated_symmetric_domain,symmetric_bridge,60,20270713,0,1523699623,completed,0.2,0.5,0.8,6.0,30,210,240,0.2,8343958766,sha256:c1b42fc9e6ac912a44667ef4cee02090fab37d50fc3a9928c46ae728c0610f58,H_alpha_0.05,H_alpha,0.05,True,5,213,208,lead,True
recalibrated_symmetric_domain,symmetric_bridge,60,20270713,0,1523699623,completed,0.2,0.5,0.8,6.0,30,210,240,0.2,8343958766,sha256:c1b42fc9e6ac912a44667ef4cee02090fab37d50fc3a9928c46ae728c0610f58,H_alpha_0.10,H_alpha,0.1,True,6,213,207,lead,True
recalibrated_symmetric_domain,symmetric_bridge,60,20270713,0,1523699623,completed,0.2,0.5,0.8,6.0,30,210,240,0.2,8343958766,sha256:c1b42fc9e6ac912a44667ef4cee02090fab37d50fc3a9928c46ae728c0610f58,H_alpha_0.20,H_alpha,0.2,True,8,213,205,lead,True
recalibrated_symmetric_domain,symmetric_bridge,60,20270713,0,1523699623,completed,0.2,0.5,0.8,6.0,30,210,240,0.2,8343958766,sha256:c1b42fc9e6ac912a44667ef4cee02090fab37d50fc3a9928c46ae728c0610f58,H_gamma_0.05,H_gamma,0.05,True,6,213,207,lead,True
recalibrated_symmetric_domain,symmetric_bridge,60,20270713,0,1523699623,completed,0.2,0.5,0.8,6.0,30,210,240,0.2,8343958766,sha256:c1b42fc9e6ac912a44667ef4cee02090fab37d50fc3a9928c46ae728c0610f58,H_gamma_0.10,H_gamma,0.1,True,6,213,207,lead,True
recalibrated_symmetric_domain,symmetric_bridge,60,20270713,0,1523699623,completed,0.2,0.5,0.8,6.0,30,210,240,0.2,8343958766,sha256:c1b42fc9e6ac912a44667ef4cee02090fab37d50fc3a9928c46ae728c0610f58,H_gamma_0.20,H_gamma,0.2,True,8,213,205,lead,True
recalibrated_symmetric_domain,symmetric_bridge,61,20270713,1,1523699724,completed,0.2,0.5,0.8,6.0,30,210,240,0.2,8343958766,sha256:c1b42fc9e6ac912a44667ef4cee02090fab37d50fc3a9928c46ae728c0610f58,H_alpha_0.05,H_alpha,0.05,True,7,180,173,lead,True
recalibrated_symmetric_domain,symmetric_bridge,61,20270713,1,1523699724,completed,0.2,0.5,0.8,6.0,30,210,240,0.2,8343958766,sha256:c1b42fc9e6ac912a44667ef4cee02090fab37d50fc3a9928c46ae728c0610f58,H_alpha_0.10,H_alpha,0.1,True,8,180,172,lead,True
recalibrated_symmetric_domain,symmetric_bridge,61,20270713,1,1523699724,completed,0.2,0.5,0.8,6.0,30,210,240,0.2,8343958766,sha256:c1b42fc9e6ac912a44667ef4cee02090fab37d50fc3a9928c46ae728c0610f58,H_alpha_0.20,H_alpha,0.2,True,11,180,169,lead,True
recalibrated_symmetric_domain,symmetric_bridge,61,20270713,1,1523699724,completed,0.2,0.5,0.8,6.0,30,210,240,0.2,8343958766,sha256:c1b42fc9e6ac912a44667ef4cee02090fab37d50fc3a9928c46ae728c0610f58,H_gamma_0.05,H_gamma,0.05,True,11,180,169,lead,True
recalibrated_symmetric_domain,symmetric_bridge,61,20270713,1,1523699724,completed,0.2,0.5,0.8,6.0,30,210,240,0.2,8343958766,sha256:c1b42fc9e6ac912a44667ef4cee02090fab37d50fc3a9928c46ae728c0610f58,H_gamma_0.10,H_gamma,0.1,True,12,180,168,lead,True
recalibrated_symmetric_domain,symmetric_bridge,61,20270713,1,1523699724,completed,0.2,0.5,0.8,6.0,30,210,240,0.2,8343958766,sha256:c1b42fc9e6ac912a44667ef4cee02090fab37d50fc3a9928c46ae728c0610f58,H_gamma_0.20,H_gamma,0.2,True,16,180,164,lead,True
recalibrated_symmetric_domain,symmetric_bridge,62,20270713,2,1523699825,completed,0.2,0.5,0.8,6.0,30,210,240,0.2,8343958766,sha256:c1b42fc9e6ac912a44667ef4cee02090fab37d50fc3a9928c46ae728c0610f58,H_alpha_0.05,H_alpha,0.05,True,1,214,213,lead,True
recalibrated_symmetric_domain,symmetric_bridge,62,20270713,2,1523699825,completed,0.2,0.5,0.8,6.0,30,210,240,0.2,8343958766,sha256:c1b42fc9e6ac912a44667ef4cee02090fab37d50fc3a9928c46ae728c0610f58,H_alpha_0.10,H_alpha,0.1,True,2,214,212,lead,True
recalibrated_symmetric_domain,symmetric_bridge,62,20270713,2,1523699825,completed,0.2,0.5,0.8,6.0,30,210,240,0.2,8343958766,sha256:c1b42fc9e6ac912a44667ef4cee02090fab37d50fc3a9928c46ae728c0610f58,H_alpha_0.20,H_alpha,0.2,True,8,214,206,lead,True
recalibrated_symmetric_domain,symmetric_bridge,62,20270713,2,1523699825,completed,0.2,0.5,0.8,6.0,30,210,240,0.2,8343958766,sha256:c1b42fc9e6ac912a44667ef4cee02090fab37d50fc3a9928c46ae728c0610f58,H_gamma_0.05,H_gamma,0.05,True,4,214,210,lead,True
recalibrated_symmetric_domain,symmetric_bridge,62,20270713,2,1523699825,completed,0.2,0.5,0.8,6.0,30,210,240,0.2,8343958766,sha256:c1b42fc9e6ac912a44667ef4cee02090fab37d50fc3a9928c46ae728c0610f58,H_gamma_0.10,H_gamma,0.1,True,4,214,210,lead,True
recalibrated_symmetric_domain,symmetric_bridge,62,20270713,2,1523699825,completed,0.2,0.5,0.8,6.0,30,210,240,0.2,8343958766,sha256:c1b42fc9e6ac912a44667ef4cee02090fab37d50fc3a9928c46ae728c0610f58,H_gamma_0.20,H_gamma,0.2,True,14,214,200,lead,True
recalibrated_symmetric_domain,symmetric_bridge,63,20270713,3,1523699926,completed,0.2,0.5,0.8,6.0,30,210,240,0.2,8343958766,sha256:c1b42fc9e6ac912a44667ef4cee02090fab37d50fc3a9928c46ae728c0610f58,H_alpha_0.05,H_alpha,0.05,True,4,228,224,lead,True
recalibrated_symmetric_domain,symmetric_bridge,63,20270713,3,1523699926,completed,0.2,0.5,0.8,6.0,30,210,240,0.2,8343958766,sha256:c1b42fc9e6ac912a44667ef4cee02090fab37d50fc3a9928c46ae728c0610f58,H_alpha_0.10,H_alpha,0.1,True,4,228,224,lead,True
recalibrated_symmetric_domain,symmetric_bridge,63,20270713,3,1523699926,completed,0.2,0.5,0.8,6.0,30,210,240,0.2,8343958766,sha256:c1b42fc9e6ac912a44667ef4cee02090fab37d50fc3a9928c46ae728c0610f58,H_alpha_0.20,H_alpha,0.2,True,4,228,224,lead,True
recalibrated_symmetric_domain,symmetric_bridge,63,20270713,3,1523699926,completed,0.2,0.5,0.8,6.0,30,210,240,0.2,8343958766,sha256:c1b42fc9e6ac912a44667ef4cee02090fab37d50fc3a9928c46ae728c0610f58,H_gamma_0.05,H_gamma,0.05,True,4,228,224,lead,True
recalibrated_symmetric_domain,symmetric_bridge,63,20270713,3,1523699926,completed,0.2,0.5,0.8,6.0,30,210,240,0.2,8343958766,sha256:c1b42fc9e6ac912a44667ef4cee02090fab37d50fc3a9928c46ae728c0610f58,H_gamma_0.10,H_gamma,0.1,True,4,228,224,lead,True
recalibrated_symmetric_domain,symmetric_bridge,63,20270713,3,1523699926,completed,0.2,0.5,0.8,6.0,30,210,240,0.2,8343958766,sha256:c1b42fc9e6ac912a44667ef4cee02090fab37d50fc3a9928c46ae728c0610f58,H_gamma_0.20,H_gamma,0.2,True,5,228,223,lead,True
recalibrated_symmetric_domain,symmetric_bridge,64,20270713,4,1523700027,completed,0.2,0.5,0.8,6.0,30,210,240,0.2,8343958766,sha256:c1b42fc9e6ac912a44667ef4cee02090fab37d50fc3a9928c46ae728c0610f58,H_alpha_0.05,H_alpha,0.05,True,3,174,171,lead,True
recalibrated_symmetric_domain,symmetric_bridge,64,20270713,4,1523700027,completed,0.2,0.5,0.8,6.0,30,210,240,0.2,8343958766,sha256:c1b42fc9e6ac912a44667ef4cee02090fab37d50fc3a9928c46ae728c0610f58,H_alpha_0.10,H_alpha,0.1,True,4,174,170,lead,True
recalibrated_symmetric_domain,symmetric_bridge,64,20270713,4,1523700027,completed,0.2,0.5,0.8,6.0,30,210,240,0.2,8343958766,sha256:c1b42fc9e6ac912a44667ef4cee02090fab37d50fc3a9928c46ae728c0610f58,H_alpha_0.20,H_alpha,0.2,True,7,174,167,lead,True
recalibrated_symmetric_domain,symmetric_bridge,64,20270713,4,1523700027,completed,0.2,0.5,0.8,6.0,30,210,240,0.2,8343958766,sha256:c1b42fc9e6ac912a44667ef4cee02090fab37d50fc3a9928c46ae728c0610f58,H_gamma_0.05,H_gamma,0.05,True,7,174,167,lead,True
recalibrated_symmetric_domain,symmetric_bridge,64,20270713,4,1523700027,completed,0.2,0.5,0.8,6.0,30,210,240,0.2,8343958766,sha256:c1b42fc9e6ac912a44667ef4cee02090fab37d50fc3a9928c46ae728c0610f58,H_gamma_0.10,H_gamma,0.1,True,7,174,167,lead,True
recalibrated_symmetric_domain,symmetric_bridge,64,20270713,4,1523700027,completed,0.2,0.5,0.8,6.0,30,210,240,0.2,8343958766,sha256:c1b42fc9e6ac912a44667ef4cee02090fab37d50fc3a9928c46ae728c0610f58,H_gamma_0.20,H_gamma,0.2,True,13,174,161,lead,True
recalibrated_symmetric_domain,symmetric_bridge,65,20270713,5,1523700128,source_preparation_failed,0.2,0.5,0.8,6.0,30,210,240,0.2,8343958766,sha256:c1b42fc9e6ac912a44667ef4cee02090fab37d50fc3a9928c46ae728c0610f58,H_alpha_0.05,H_alpha,0.05,False,,,,source_preparation_failed,False
recalibrated_symmetric_domain,symmetric_bridge,65,20270713,5,1523700128,source_preparation_failed,0.2,0.5,0.8,6.0,30,210,240,0.2,8343958766,sha256:c1b42fc9e6ac912a44667ef4cee02090fab37d50fc3a9928c46ae728c0610f58,H_alpha_0.10,H_alpha,0.1,False,,,,source_preparation_failed,False
recalibrated_symmetric_domain,symmetric_bridge,65,20270713,5,1523700128,source_preparation_failed,0.2,0.5,0.8,6.0,30,210,240,0.2,8343958766,sha256:c1b42fc9e6ac912a44667ef4cee02090fab37d50fc3a9928c46ae728c0610f58,H_alpha_0.20,H_alpha,0.2,False,,,,source_preparation_failed,False
recalibrated_symmetric_domain,symmetric_bridge,65,20270713,5,1523700128,source_preparation_failed,0.2,0.5,0.8,6.0,30,210,240,0.2,8343958766,sha256:c1b42fc9e6ac912a44667ef4cee02090fab37d50fc3a9928c46ae728c0610f58,H_gamma_0.05,H_gamma,0.05,False,,,,source_preparation_failed,False
recalibrated_symmetric_domain,symmetric_bridge,65,20270713,5,1523700128,source_preparation_failed,0.2,0.5,0.8,6.0,30,210,240,0.2,8343958766,sha256:c1b42fc9e6ac912a44667ef4cee02090fab37d50fc3a9928c46ae728c0610f58,H_gamma_0.10,H_gamma,0.1,False,,,,source_preparation_failed,False
recalibrated_symmetric_domain,symmetric_bridge,65,20270713,5,1523700128,source_preparation_failed,0.2,0.5,0.8,6.0,30,210,240,0.2,8343958766,sha256:c1b42fc9e6ac912a44667ef4cee02090fab37d50fc3a9928c46ae728c0610f58,H_gamma_0.20,H_gamma,0.2,False,,,,source_preparation_failed,False
recalibrated_symmetric_domain,symmetric_bridge,66,20270713,6,1523700229,source_preparation_failed,0.2,0.5,0.8,6.0,30,210,240,0.2,8343958766,sha256:c1b42fc9e6ac912a44667ef4cee02090fab37d50fc3a9928c46ae728c0610f58,H_alpha_0.05,H_alpha,0.05,False,,,,source_preparation_failed,False
recalibrated_symmetric_domain,symmetric_bridge,66,20270713,6,1523700229,source_preparation_failed,0.2,0.5,0.8,6.0,30,210,240,0.2,8343958766,sha256:c1b42fc9e6ac912a44667ef4cee02090fab37d50fc3a9928c46ae728c0610f58,H_alpha_0.10,H_alpha,0.1,False,,,,source_preparation_failed,False
recalibrated_symmetric_domain,symmetric_bridge,66,20270713,6,1523700229,source_preparation_failed,0.2,0.5,0.8,6.0,30,210,240,0.2,8343958766,sha256:c1b42fc9e6ac912a44667ef4cee02090fab37d50fc3a9928c46ae728c0610f58,H_alpha_0.20,H_alpha,0.2,False,,,,source_preparation_failed,False
recalibrated_symmetric_domain,symmetric_bridge,66,20270713,6,1523700229,source_preparation_failed,0.2,0.5,0.8,6.0,30,210,240,0.2,8343958766,sha256:c1b42fc9e6ac912a44667ef4cee02090fab37d50fc3a9928c46ae728c0610f58,H_gamma_0.05,H_gamma,0.05,False,,,,source_preparation_failed,False
recalibrated_symmetric_domain,symmetric_bridge,66,20270713,6,1523700229,source_preparation_failed,0.2,0.5,0.8,6.0,30,210,240,0.2,8343958766,sha256:c1b42fc9e6ac912a44667ef4cee02090fab37d50fc3a9928c46ae728c0610f58,H_gamma_0.10,H_gamma,0.1,False,,,,source_preparation_failed,False
recalibrated_symmetric_domain,symmetric_bridge,66,20270713,6,1523700229,source_preparation_failed,0.2,0.5,0.8,6.0,30,210,240,0.2,8343958766,sha256:c1b42fc9e6ac912a44667ef4cee02090fab37d50fc3a9928c46ae728c0610f58,H_gamma_0.20,H_gamma,0.2,False,,,,source_preparation_failed,False
recalibrated_symmetric_domain,symmetric_bridge,67,20270713,7,1523700330,completed,0.2,0.5,0.8,6.0,30,210,240,0.2,8343958766,sha256:c1b42fc9e6ac912a44667ef4cee02090fab37d50fc3a9928c46ae728c0610f58,H_alpha_0.05,H_alpha,0.05,True,3,,,trait_loss_censored,False
recalibrated_symmetric_domain,symmetric_bridge,67,20270713,7,1523700330,completed,0.2,0.5,0.8,6.0,30,210,240,0.2,8343958766,sha256:c1b42fc9e6ac912a44667ef4cee02090fab37d50fc3a9928c46ae728c0610f58,H_alpha_0.10,H_alpha,0.1,True,3,,,trait_loss_censored,False
recalibrated_symmetric_domain,symmetric_bridge,67,20270713,7,1523700330,completed,0.2,0.5,0.8,6.0,30,210,240,0.2,8343958766,sha256:c1b42fc9e6ac912a44667ef4cee02090fab37d50fc3a9928c46ae728c0610f58,H_alpha_0.20,H_alpha,0.2,True,11,,,trait_loss_censored,False
recalibrated_symmetric_domain,symmetric_bridge,67,20270713,7,1523700330,completed,0.2,0.5,0.8,6.0,30,210,240,0.2,8343958766,sha256:c1b42fc9e6ac912a44667ef4cee02090fab37d50fc3a9928c46ae728c0610f58,H_gamma_0.05,H_gamma,0.05,True,11,,,trait_loss_censored,False
recalibrated_symmetric_domain,symmetric_bridge,67,20270713,7,1523700330,completed,0.2,0.5,0.8,6.0,30,210,240,0.2,8343958766,sha256:c1b42fc9e6ac912a44667ef4cee02090fab37d50fc3a9928c46ae728c0610f58,H_gamma_0.10,H_gamma,0.1,True,11,,,trait_loss_censored,False
recalibrated_symmetric_domain,symmetric_bridge,67,20270713,7,1523700330,completed,0.2,0.5,0.8,6.0,30,210,240,0.2,8343958766,sha256:c1b42fc9e6ac912a44667ef4cee02090fab37d50fc3a9928c46ae728c0610f58,H_gamma_0.20,H_gamma,0.2,True,11,,,trait_loss_censored,False
recalibrated_symmetric_domain,symmetric_bridge,68,20270713,8,1523700431,completed,0.2,0.5,0.8,6.0,30,210,240,0.2,8343958766,sha256:c1b42fc9e6ac912a44667ef4cee02090fab37d50fc3a9928c46ae728c0610f58,H_alpha_0.05,H_alpha,0.05,True,2,,,trait_loss_censored,False
recalibrated_symmetric_domain,symmetric_bridge,68,20270713,8,1523700431,completed,0.2,0.5,0.8,6.0,30,210,240,0.2,8343958766,sha256:c1b42fc9e6ac912a44667ef4cee02090fab37d50fc3a9928c46ae728c0610f58,H_alpha_0.10,H_alpha,0.1,True,2,,,trait_loss_censored,False
recalibrated_symmetric_domain,symmetric_bridge,68,20270713,8,1523700431,completed,0.2,0.5,0.8,6.0,30,210,240,0.2,8343958766,sha256:c1b42fc9e6ac912a44667ef4cee02090fab37d50fc3a9928c46ae728c0610f58,H_alpha_0.20,H_alpha,0.2,True,5,,,trait_loss_censored,False
recalibrated_symmetric_domain,symmetric_bridge,68,20270713,8,1523700431,completed,0.2,0.5,0.8,6.0,30,210,240,0.2,8343958766,sha256:c1b42fc9e6ac912a44667ef4cee02090fab37d50fc3a9928c46ae728c0610f58,H_gamma_0.05,H_gamma,0.05,True,5,,,trait_loss_censored,False
recalibrated_symmetric_domain,symmetric_bridge,68,20270713,8,1523700431,completed,0.2,0.5,0.8,6.0,30,210,240,0.2,8343958766,sha256:c1b42fc9e6ac912a44667ef4cee02090fab37d50fc3a9928c46ae728c0610f58,H_gamma_0.10,H_gamma,0.1,True,8,,,trait_loss_censored,False
recalibrated_symmetric_domain,symmetric_bridge,68,20270713,8,1523700431,completed,0.2,0.5,0.8,6.0,30,210,240,0.2,8343958766,sha256:c1b42fc9e6ac912a44667ef4cee02090fab37d50fc3a9928c46ae728c0610f58,H_gamma_0.20,H_gamma,0.2,True,14,,,trait_loss_censored,False
recalibrated_symmetric_domain,symmetric_bridge,69,20270713,9,1523700532,completed,0.2,0.5,0.8,6.0,30,210,240,0.2,8343958766,sha256:c1b42fc9e6ac912a44667ef4cee02090fab37d50fc3a9928c46ae728c0610f58,H_alpha_0.05,H_alpha,0.05,True,2,,,trait_loss_censored,False
recalibrated_symmetric_domain,symmetric_bridge,69,20270713,9,1523700532,completed,0.2,0.5,0.8,6.0,30,210,240,0.2,8343958766,sha256:c1b42fc9e6ac912a44667ef4cee02090fab37d50fc3a9928c46ae728c0610f58,H_alpha_0.10,H_alpha,0.1,True,3,,,trait_loss_censored,False
recalibrated_symmetric_domain,symmetric_bridge,69,20270713,9,1523700532,completed,0.2,0.5,0.8,6.0,30,210,240,0.2,8343958766,sha256:c1b42fc9e6ac912a44667ef4cee02090fab37d50fc3a9928c46ae728c0610f58,H_alpha_0.20,H_alpha,0.2,True,3,,,trait_loss_censored,False
recalibrated_symmetric_domain,symmetric_bridge,69,20270713,9,1523700532,completed,0.2,0.5,0.8,6.0,30,210,240,0.2,8343958766,sha256:c1b42fc9e6ac912a44667ef4cee02090fab37d50fc3a9928c46ae728c0610f58,H_gamma_0.05,H_gamma,0.05,True,4,,,trait_loss_censored,False
recalibrated_symmetric_domain,symmetric_bridge,69,20270713,9,1523700532,completed,0.2,0.5,0.8,6.0,30,210,240,0.2,8343958766,sha256:c1b42fc9e6ac912a44667ef4cee02090fab37d50fc3a9928c46ae728c0610f58,H_gamma_0.10,H_gamma,0.1,True,7,,,trait_loss_censored,False
recalibrated_symmetric_domain,symmetric_bridge,69,20270713,9,1523700532,completed,0.2,0.5,0.8,6.0,30,210,240,0.2,8343958766,sha256:c1b42fc9e6ac912a44667ef4cee02090fab37d50fc3a9928c46ae728c0610f58,H_gamma_0.20,H_gamma,0.2,True,7,,,trait_loss_censored,False
recalibrated_symmetric_domain,symmetric_bridge,70,20270713,10,1523700633,completed,0.2,0.5,0.8,6.0,30,210,240,0.2,8343958766,sha256:c1b42fc9e6ac912a44667ef4cee02090fab37d50fc3a9928c46ae728c0610f58,H_alpha_0.05,H_alpha,0.05,True,2,,,trait_loss_censored,False
recalibrated_symmetric_domain,symmetric_bridge,70,20270713,10,1523700633,completed,0.2,0.5,0.8,6.0,30,210,240,0.2,8343958766,sha256:c1b42fc9e6ac912a44667ef4cee02090fab37d50fc3a9928c46ae728c0610f58,H_alpha_0.10,H_alpha,0.1,True,13,,,trait_loss_censored,False
recalibrated_symmetric_domain,symmetric_bridge,70,20270713,10,1523700633,completed,0.2,0.5,0.8,6.0,30,210,240,0.2,8343958766,sha256:c1b42fc9e6ac912a44667ef4cee02090fab37d50fc3a9928c46ae728c0610f58,H_alpha_0.20,H_alpha,0.2,True,13,,,trait_loss_censored,False
recalibrated_symmetric_domain,symmetric_bridge,70,20270713,10,1523700633,completed,0.2,0.5,0.8,6.0,30,210,240,0.2,8343958766,sha256:c1b42fc9e6ac912a44667ef4cee02090fab37d50fc3a9928c46ae728c0610f58,H_gamma_0.05,H_gamma,0.05,True,13,,,trait_loss_censored,False
recalibrated_symmetric_domain,symmetric_bridge,70,20270713,10,1523700633,completed,0.2,0.5,0.8,6.0,30,210,240,0.2,8343958766,sha256:c1b42fc9e6ac912a44667ef4cee02090fab37d50fc3a9928c46ae728c0610f58,H_gamma_0.10,H_gamma,0.1,True,13,,,trait_loss_censored,False
recalibrated_symmetric_domain,symmetric_bridge,70,20270713,10,1523700633,completed,0.2,0.5,0.8,6.0,30,210,240,0.2,8343958766,sha256:c1b42fc9e6ac912a44667ef4cee02090fab37d50fc3a9928c46ae728c0610f58,H_gamma_0.20,H_gamma,0.2,True,13,,,trait_loss_censored,False
recalibrated_symmetric_domain,symmetric_bridge,71,20270713,11,1523700734,source_preparation_failed,0.2,0.5,0.8,6.0,30,210,240,0.2,8343958766,sha256:c1b42fc9e6ac912a44667ef4cee02090fab37d50fc3a9928c46ae728c0610f58,H_alpha_0.05,H_alpha,0.05,False,,,,source_preparation_failed,False
recalibrated_symmetric_domain,symmetric_bridge,71,20270713,11,1523700734,source_preparation_failed,0.2,0.5,0.8,6.0,30,210,240,0.2,8343958766,sha256:c1b42fc9e6ac912a44667ef4cee02090fab37d50fc3a9928c46ae728c0610f58,H_alpha_0.10,H_alpha,0.1,False,,,,source_preparation_failed,False
recalibrated_symmetric_domain,symmetric_bridge,71,20270713,11,1523700734,source_preparation_failed,0.2,0.5,0.8,6.0,30,210,240,0.2,8343958766,sha256:c1b42fc9e6ac912a44667ef4cee02090fab37d50fc3a9928c46ae728c0610f58,H_alpha_0.20,H_alpha,0.2,False,,,,source_preparation_failed,False
recalibrated_symmetric_domain,symmetric_bridge,71,20270713,11,1523700734,source_preparation_failed,0.2,0.5,0.8,6.0,30,210,240,0.2,8343958766,sha256:c1b42fc9e6ac912a44667ef4cee02090fab37d50fc3a9928c46ae728c0610f58,H_gamma_0.05,H_gamma,0.05,False,,,,source_preparation_failed,False
recalibrated_symmetric_domain,symmetric_bridge,71,20270713,11,1523700734,source_preparation_failed,0.2,0.5,0.8,6.0,30,210,240,0.2,8343958766,sha256:c1b42fc9e6ac912a44667ef4cee02090fab37d50fc3a9928c46ae728c0610f58,H_gamma_0.10,H_gamma,0.1,False,,,,source_preparation_failed,False
recalibrated_symmetric_domain,symmetric_bridge,71,20270713,11,1523700734,source_preparation_failed,0.2,0.5,0.8,6.0,30,210,240,0.2,8343958766,sha256:c1b42fc9e6ac912a44667ef4cee02090fab37d50fc3a9928c46ae728c0610f58,H_gamma_0.20,H_gamma,0.2,False,,,,source_preparation_failed,False
recalibrated_symmetric_domain,symmetric_bridge,72,20270713,12,1523700835,completed,0.2,0.5,0.8,6.0,30,210,240,0.2,8343958766,sha256:c1b42fc9e6ac912a44667ef4cee02090fab37d50fc3a9928c46ae728c0610f58,H_alpha_0.05,H_alpha,0.05,True,6,14,8,lead,True
recalibrated_symmetric_domain,symmetric_bridge,72,20270713,12,1523700835,completed,0.2,0.5,0.8,6.0,30,210,240,0.2,8343958766,sha256:c1b42fc9e6ac912a44667ef4cee02090fab37d50fc3a9928c46ae728c0610f58,H_alpha_0.10,H_alpha,0.1,True,6,14,8,lead,True
recalibrated_symmetric_domain,symmetric_bridge,72,20270713,12,1523700835,completed,0.2,0.5,0.8,6.0,30,210,240,0.2,8343958766,sha256:c1b42fc9e6ac912a44667ef4cee02090fab37d50fc3a9928c46ae728c0610f58,H_alpha_0.20,H_alpha,0.2,True,7,14,7,lead,True
recalibrated_symmetric_domain,symmetric_bridge,72,20270713,12,1523700835,completed,0.2,0.5,0.8,6.0,30,210,240,0.2,8343958766,sha256:c1b42fc9e6ac912a44667ef4cee02090fab37d50fc3a9928c46ae728c0610f58,H_gamma_0.05,H_gamma,0.05,True,7,14,7,lead,True
recalibrated_symmetric_domain,symmetric_bridge,72,20270713,12,1523700835,completed,0.2,0.5,0.8,6.0,30,210,240,0.2,8343958766,sha256:c1b42fc9e6ac912a44667ef4cee02090fab37d50fc3a9928c46ae728c0610f58,H_gamma_0.10,H_gamma,0.1,True,9,14,5,lead,True
recalibrated_symmetric_domain,symmetric_bridge,72,20270713,12,1523700835,completed,0.2,0.5,0.8,6.0,30,210,240,0.2,8343958766,sha256:c1b42fc9e6ac912a44667ef4cee02090fab37d50fc3a9928c46ae728c0610f58,H_gamma_0.20,H_gamma,0.2,True,9,14,5,lead,True
recalibrated_symmetric_domain,symmetric_bridge,73,20270713,13,1523700936,completed,0.2,0.5,0.8,6.0,30,210,240,0.2,8343958766,sha256:c1b42fc9e6ac912a44667ef4cee02090fab37d50fc3a9928c46ae728c0610f58,H_alpha_0.05,H_alpha,0.05,True,4,62,58,lead,True
recalibrated_symmetric_domain,symmetric_bridge,73,20270713,13,1523700936,completed,0.2,0.5,0.8,6.0,30,210,240,0.2,8343958766,sha256:c1b42fc9e6ac912a44667ef4cee02090fab37d50fc3a9928c46ae728c0610f58,H_alpha_0.10,H_alpha,0.1,True,4,62,58,lead,True
recalibrated_symmetric_domain,symmetric_bridge,73,20270713,13,1523700936,completed,0.2,0.5,0.8,6.0,30,210,240,0.2,8343958766,sha256:c1b42fc9e6ac912a44667ef4cee02090fab37d50fc3a9928c46ae728c0610f58,H_alpha_0.20,H_alpha,0.2,True,4,62,58,lead,True
recalibrated_symmetric_domain,symmetric_bridge,73,20270713,13,1523700936,completed,0.2,0.5,0.8,6.0,30,210,240,0.2,8343958766,sha256:c1b42fc9e6ac912a44667ef4cee02090fab37d50fc3a9928c46ae728c0610f58,H_gamma_0.05,H_gamma,0.05,True,6,62,56,lead,True
recalibrated_symmetric_domain,symmetric_bridge,73,20270713,13,1523700936,completed,0.2,0.5,0.8,6.0,30,210,240,0.2,8343958766,sha256:c1b42fc9e6ac912a44667ef4cee02090fab37d50fc3a9928c46ae728c0610f58,H_gamma_0.10,H_gamma,0.1,True,6,62,56,lead,True
recalibrated_symmetric_domain,symmetric_bridge,73,20270713,13,1523700936,completed,0.2,0.5,0.8,6.0,30,210,240,0.2,8343958766,sha256:c1b42fc9e6ac912a44667ef4cee02090fab37d50fc3a9928c46ae728c0610f58,H_gamma_0.20,H_gamma,0.2,True,13,62,49,lead,True
recalibrated_symmetric_domain,symmetric_bridge,74,20270713,14,1523701037,completed,0.2,0.5,0.8,6.0,30,210,240,0.2,8343958766,sha256:c1b42fc9e6ac912a44667ef4cee02090fab37d50fc3a9928c46ae728c0610f58,H_alpha_0.05,H_alpha,0.05,True,5,,,trait_loss_censored,False
recalibrated_symmetric_domain,symmetric_bridge,74,20270713,14,1523701037,completed,0.2,0.5,0.8,6.0,30,210,240,0.2,8343958766,sha256:c1b42fc9e6ac912a44667ef4cee02090fab37d50fc3a9928c46ae728c0610f58,H_alpha_0.10,H_alpha,0.1,True,5,,,trait_loss_censored,False
recalibrated_symmetric_domain,symmetric_bridge,74,20270713,14,1523701037,completed,0.2,0.5,0.8,6.0,30,210,240,0.2,8343958766,sha256:c1b42fc9e6ac912a44667ef4cee02090fab37d50fc3a9928c46ae728c0610f58,H_alpha_0.20,H_alpha,0.2,True,9,,,trait_loss_censored,False
recalibrated_symmetric_domain,symmetric_bridge,74,20270713,14,1523701037,completed,0.2,0.5,0.8,6.0,30,210,240,0.2,8343958766,sha256:c1b42fc9e6ac912a44667ef4cee02090fab37d50fc3a9928c46ae728c0610f58,H_gamma_0.05,H_gamma,0.05,True,5,,,trait_loss_censored,False
recalibrated_symmetric_domain,symmetric_bridge,74,20270713,14,1523701037,completed,0.2,0.5,0.8,6.0,30,210,240,0.2,8343958766,sha256:c1b42fc9e6ac912a44667ef4cee02090fab37d50fc3a9928c46ae728c0610f58,H_gamma_0.10,H_gamma,0.1,True,6,,,trait_loss_censored,False
recalibrated_symmetric_domain,symmetric_bridge,74,20270713,14,1523701037,completed,0.2,0.5,0.8,6.0,30,210,240,0.2,8343958766,sha256:c1b42fc9e6ac912a44667ef4cee02090fab37d50fc3a9928c46ae728c0610f58,H_gamma_0.20,H_gamma,0.2,True,9,,,trait_loss_censored,False
recalibrated_symmetric_domain,symmetric_bridge,75,20270713,15,1523701138,completed,0.2,0.5,0.8,6.0,30,210,240,0.2,8343958766,sha256:c1b42fc9e6ac912a44667ef4cee02090fab37d50fc3a9928c46ae728c0610f58,H_alpha_0.05,H_alpha,0.05,True,1,12,11,lead,True
recalibrated_symmetric_domain,symmetric_bridge,75,20270713,15,1523701138,completed,0.2,0.5,0.8,6.0,30,210,240,0.2,8343958766,sha256:c1b42fc9e6ac912a44667ef4cee02090fab37d50fc3a9928c46ae728c0610f58,H_alpha_0.10,H_alpha,0.1,True,6,12,6,lead,True
recalibrated_symmetric_domain,symmetric_bridge,75,20270713,15,1523701138,completed,0.2,0.5,0.8,6.0,30,210,240,0.2,8343958766,sha256:c1b42fc9e6ac912a44667ef4cee02090fab37d50fc3a9928c46ae728c0610f58,H_alpha_0.20,H_alpha,0.2,True,6,12,6,lead,True
recalibrated_symmetric_domain,symmetric_bridge,75,20270713,15,1523701138,completed,0.2,0.5,0.8,6.0,30,210,240,0.2,8343958766,sha256:c1b42fc9e6ac912a44667ef4cee02090fab37d50fc3a9928c46ae728c0610f58,H_gamma_0.05,H_gamma,0.05,True,5,12,7,lead,True
recalibrated_symmetric_domain,symmetric_bridge,75,20270713,15,1523701138,completed,0.2,0.5,0.8,6.0,30,210,240,0.2,8343958766,sha256:c1b42fc9e6ac912a44667ef4cee02090fab37d50fc3a9928c46ae728c0610f58,H_gamma_0.10,H_gamma,0.1,True,6,12,6,lead,True
recalibrated_symmetric_domain,symmetric_bridge,75,20270713,15,1523701138,completed,0.2,0.5,0.8,6.0,30,210,240,0.2,8343958766,sha256:c1b42fc9e6ac912a44667ef4cee02090fab37d50fc3a9928c46ae728c0610f58,H_gamma_0.20,H_gamma,0.2,True,6,12,6,lead,True
recalibrated_symmetric_domain,symmetric_bridge,76,20270713,16,1523701239,completed,0.2,0.5,0.8,6.0,30,210,240,0.2,8343958766,sha256:c1b42fc9e6ac912a44667ef4cee02090fab37d50fc3a9928c46ae728c0610f58,H_alpha_0.05,H_alpha,0.05,True,4,,,trait_loss_censored,False
recalibrated_symmetric_domain,symmetric_bridge,76,20270713,16,1523701239,completed,0.2,0.5,0.8,6.0,30,210,240,0.2,8343958766,sha256:c1b42fc9e6ac912a44667ef4cee02090fab37d50fc3a9928c46ae728c0610f58,H_alpha_0.10,H_alpha,0.1,True,6,,,trait_loss_censored,False
recalibrated_symmetric_domain,symmetric_bridge,76,20270713,16,1523701239,completed,0.2,0.5,0.8,6.0,30,210,240,0.2,8343958766,sha256:c1b42fc9e6ac912a44667ef4cee02090fab37d50fc3a9928c46ae728c0610f58,H_alpha_0.20,H_alpha,0.2,True,7,,,trait_loss_censored,False
recalibrated_symmetric_domain,symmetric_bridge,76,20270713,16,1523701239,completed,0.2,0.5,0.8,6.0,30,210,240,0.2,8343958766,sha256:c1b42fc9e6ac912a44667ef4cee02090fab37d50fc3a9928c46ae728c0610f58,H_gamma_0.05,H_gamma,0.05,True,7,,,trait_loss_censored,False
recalibrated_symmetric_domain,symmetric_bridge,76,20270713,16,1523701239,completed,0.2,0.5,0.8,6.0,30,210,240,0.2,8343958766,sha256:c1b42fc9e6ac912a44667ef4cee02090fab37d50fc3a9928c46ae728c0610f58,H_gamma_0.10,H_gamma,0.1,True,8,,,trait_loss_censored,False
recalibrated_symmetric_domain,symmetric_bridge,76,20270713,16,1523701239,completed,0.2,0.5,0.8,6.0,30,210,240,0.2,8343958766,sha256:c1b42fc9e6ac912a44667ef4cee02090fab37d50fc3a9928c46ae728c0610f58,H_gamma_0.20,H_gamma,0.2,True,8,,,trait_loss_censored,False
recalibrated_symmetric_domain,symmetric_bridge,77,20270713,17,1523701340,completed,0.2,0.5,0.8,6.0,30,210,240,0.2,8343958766,sha256:c1b42fc9e6ac912a44667ef4cee02090fab37d50fc3a9928c46ae728c0610f58,H_alpha_0.05,H_alpha,0.05,True,2,5,3,lead,True
recalibrated_symmetric_domain,symmetric_bridge,77,20270713,17,1523701340,completed,0.2,0.5,0.8,6.0,30,210,240,0.2,8343958766,sha256:c1b42fc9e6ac912a44667ef4cee02090fab37d50fc3a9928c46ae728c0610f58,H_alpha_0.10,H_alpha,0.1,True,3,5,2,lead,True
recalibrated_symmetric_domain,symmetric_bridge,77,20270713,17,1523701340,completed,0.2,0.5,0.8,6.0,30,210,240,0.2,8343958766,sha256:c1b42fc9e6ac912a44667ef4cee02090fab37d50fc3a9928c46ae728c0610f58,H_alpha_0.20,H_alpha,0.2,True,3,5,2,lead,True
recalibrated_symmetric_domain,symmetric_bridge,77,20270713,17,1523701340,completed,0.2,0.5,0.8,6.0,30,210,240,0.2,8343958766,sha256:c1b42fc9e6ac912a44667ef4cee02090fab37d50fc3a9928c46ae728c0610f58,H_gamma_0.05,H_gamma,0.05,True,3,5,2,lead,True
recalibrated_symmetric_domain,symmetric_bridge,77,20270713,17,1523701340,completed,0.2,0.5,0.8,6.0,30,210,240,0.2,8343958766,sha256:c1b42fc9e6ac912a44667ef4cee02090fab37d50fc3a9928c46ae728c0610f58,H_gamma_0.10,H_gamma,0.1,True,3,5,2,lead,True
recalibrated_symmetric_domain,symmetric_bridge,77,20270713,17,1523701340,completed,0.2,0.5,0.8,6.0,30,210,240,0.2,8343958766,sha256:c1b42fc9e6ac912a44667ef4cee02090fab37d50fc3a9928c46ae728c0610f58,H_gamma_0.20,H_gamma,0.2,True,3,5,2,lead,True
recalibrated_symmetric_domain,symmetric_bridge,78,20270713,18,1523701441,completed,0.2,0.5,0.8,6.0,30,210,240,0.2,8343958766,sha256:c1b42fc9e6ac912a44667ef4cee02090fab37d50fc3a9928c46ae728c0610f58,H_alpha_0.05,H_alpha,0.05,True,4,73,69,lead,True
recalibrated_symmetric_domain,symmetric_bridge,78,20270713,18,1523701441,completed,0.2,0.5,0.8,6.0,30,210,240,0.2,8343958766,sha256:c1b42fc9e6ac912a44667ef4cee02090fab37d50fc3a9928c46ae728c0610f58,H_alpha_0.10,H_alpha,0.1,True,5,73,68,lead,True
recalibrated_symmetric_domain,symmetric_bridge,78,20270713,18,1523701441,completed,0.2,0.5,0.8,6.0,30,210,240,0.2,8343958766,sha256:c1b42fc9e6ac912a44667ef4cee02090fab37d50fc3a9928c46ae728c0610f58,H_alpha_0.20,H_alpha,0.2,True,5,73,68,lead,True
recalibrated_symmetric_domain,symmetric_bridge,78,20270713,18,1523701441,completed,0.2,0.5,0.8,6.0,30,210,240,0.2,8343958766,sha256:c1b42fc9e6ac912a44667ef4cee02090fab37d50fc3a9928c46ae728c0610f58,H_gamma_0.05,H_gamma,0.05,True,5,73,68,lead,True
recalibrated_symmetric_domain,symmetric_bridge,78,20270713,18,1523701441,completed,0.2,0.5,0.8,6.0,30,210,240,0.2,8343958766,sha256:c1b42fc9e6ac912a44667ef4cee02090fab37d50fc3a9928c46ae728c0610f58,H_gamma_0.10,H_gamma,0.1,True,5,73,68,lead,True
recalibrated_symmetric_domain,symmetric_bridge,78,20270713,18,1523701441,completed,0.2,0.5,0.8,6.0,30,210,240,0.2,8343958766,sha256:c1b42fc9e6ac912a44667ef4cee02090fab37d50fc3a9928c46ae728c0610f58,H_gamma_0.20,H_gamma,0.2,True,7,73,66,lead,True
recalibrated_symmetric_domain,symmetric_bridge,79,20270713,19,1523701542,completed,0.2,0.5,0.8,6.0,30,210,240,0.2,8343958766,sha256:c1b42fc9e6ac912a44667ef4cee02090fab37d50fc3a9928c46ae728c0610f58,H_alpha_0.05,H_alpha,0.05,True,2,,,trait_loss_censored,False
recalibrated_symmetric_domain,symmetric_bridge,79,20270713,19,1523701542,completed,0.2,0.5,0.8,6.0,30,210,240,0.2,8343958766,sha256:c1b42fc9e6ac912a44667ef4cee02090fab37d50fc3a9928c46ae728c0610f58,H_alpha_0.10,H_alpha,0.1,True,6,,,trait_loss_censored,False
recalibrated_symmetric_domain,symmetric_bridge,79,20270713,19,1523701542,completed,0.2,0.5,0.8,6.0,30,210,240,0.2,8343958766,sha256:c1b42fc9e6ac912a44667ef4cee02090fab37d50fc3a9928c46ae728c0610f58,H_alpha_0.20,H_alpha,0.2,True,7,,,trait_loss_censored,False
recalibrated_symmetric_domain,symmetric_bridge,79,20270713,19,1523701542,completed,0.2,0.5,0.8,6.0,30,210,240,0.2,8343958766,sha256:c1b42fc9e6ac912a44667ef4cee02090fab37d50fc3a9928c46ae728c0610f58,H_gamma_0.05,H_gamma,0.05,True,5,,,trait_loss_censored,False
recalibrated_symmetric_domain,symmetric_bridge,79,20270713,19,1523701542,completed,0.2,0.5,0.8,6.0,30,210,240,0.2,8343958766,sha256:c1b42fc9e6ac912a44667ef4cee02090fab37d50fc3a9928c46ae728c0610f58,H_gamma_0.10,H_gamma,0.1,True,6,,,trait_loss_censored,False
recalibrated_symmetric_domain,symmetric_bridge,79,20270713,19,1523701542,completed,0.2,0.5,0.8,6.0,30,210,240,0.2,8343958766,sha256:c1b42fc9e6ac912a44667ef4cee02090fab37d50fc3a9928c46ae728c0610f58,H_gamma_0.20,H_gamma,0.2,True,7,,,trait_loss_censored,False
recalibrated_symmetric_domain,symmetric_bridge,80,20270714,0,802320130,source_preparation_failed,0.2,0.5,0.8,6.0,30,210,240,0.2,8343958766,sha256:c1b42fc9e6ac912a44667ef4cee02090fab37d50fc3a9928c46ae728c0610f58,H_alpha_0.05,H_alpha,0.05,False,,,,source_preparation_failed,False
recalibrated_symmetric_domain,symmetric_bridge,80,20270714,0,802320130,source_preparation_failed,0.2,0.5,0.8,6.0,30,210,240,0.2,8343958766,sha256:c1b42fc9e6ac912a44667ef4cee02090fab37d50fc3a9928c46ae728c0610f58,H_alpha_0.10,H_alpha,0.1,False,,,,source_preparation_failed,False
recalibrated_symmetric_domain,symmetric_bridge,80,20270714,0,802320130,source_preparation_failed,0.2,0.5,0.8,6.0,30,210,240,0.2,8343958766,sha256:c1b42fc9e6ac912a44667ef4cee02090fab37d50fc3a9928c46ae728c0610f58,H_alpha_0.20,H_alpha,0.2,False,,,,source_preparation_failed,False
recalibrated_symmetric_domain,symmetric_bridge,80,20270714,0,802320130,source_preparation_failed,0.2,0.5,0.8,6.0,30,210,240,0.2,8343958766,sha256:c1b42fc9e6ac912a44667ef4cee02090fab37d50fc3a9928c46ae728c0610f58,H_gamma_0.05,H_gamma,0.05,False,,,,source_preparation_failed,False
recalibrated_symmetric_domain,symmetric_bridge,80,20270714,0,802320130,source_preparation_failed,0.2,0.5,0.8,6.0,30,210,240,0.2,8343958766,sha256:c1b42fc9e6ac912a44667ef4cee02090fab37d50fc3a9928c46ae728c0610f58,H_gamma_0.10,H_gamma,0.1,False,,,,source_preparation_failed,False
recalibrated_symmetric_domain,symmetric_bridge,80,20270714,0,802320130,source_preparation_failed,0.2,0.5,0.8,6.0,30,210,240,0.2,8343958766,sha256:c1b42fc9e6ac912a44667ef4cee02090fab37d50fc3a9928c46ae728c0610f58,H_gamma_0.20,H_gamma,0.2,False,,,,source_preparation_failed,False
recalibrated_symmetric_domain,symmetric_bridge,81,20270714,1,802320231,completed,0.2,0.5,0.8,6.0,30,210,240,0.2,8343958766,sha256:c1b42fc9e6ac912a44667ef4cee02090fab37d50fc3a9928c46ae728c0610f58,H_alpha_0.05,H_alpha,0.05,True,7,,,trait_loss_censored,False
recalibrated_symmetric_domain,symmetric_bridge,81,20270714,1,802320231,completed,0.2,0.5,0.8,6.0,30,210,240,0.2,8343958766,sha256:c1b42fc9e6ac912a44667ef4cee02090fab37d50fc3a9928c46ae728c0610f58,H_alpha_0.10,H_alpha,0.1,True,7,,,trait_loss_censored,False
recalibrated_symmetric_domain,symmetric_bridge,81,20270714,1,802320231,completed,0.2,0.5,0.8,6.0,30,210,240,0.2,8343958766,sha256:c1b42fc9e6ac912a44667ef4cee02090fab37d50fc3a9928c46ae728c0610f58,H_alpha_0.20,H_alpha,0.2,True,11,,,trait_loss_censored,False
recalibrated_symmetric_domain,symmetric_bridge,81,20270714,1,802320231,completed,0.2,0.5,0.8,6.0,30,210,240,0.2,8343958766,sha256:c1b42fc9e6ac912a44667ef4cee02090fab37d50fc3a9928c46ae728c0610f58,H_gamma_0.05,H_gamma,0.05,True,10,,,trait_loss_censored,False
recalibrated_symmetric_domain,symmetric_bridge,81,20270714,1,802320231,completed,0.2,0.5,0.8,6.0,30,210,240,0.2,8343958766,sha256:c1b42fc9e6ac912a44667ef4cee02090fab37d50fc3a9928c46ae728c0610f58,H_gamma_0.10,H_gamma,0.1,True,11,,,trait_loss_censored,False
recalibrated_symmetric_domain,symmetric_bridge,81,20270714,1,802320231,completed,0.2,0.5,0.8,6.0,30,210,240,0.2,8343958766,sha256:c1b42fc9e6ac912a44667ef4cee02090fab37d50fc3a9928c46ae728c0610f58,H_gamma_0.20,H_gamma,0.2,True,11,,,trait_loss_censored,False
recalibrated_symmetric_domain,symmetric_bridge,82,20270714,2,802320332,completed,0.2,0.5,0.8,6.0,30,210,240,0.2,8343958766,sha256:c1b42fc9e6ac912a44667ef4cee02090fab37d50fc3a9928c46ae728c0610f58,H_alpha_0.05,H_alpha,0.05,True,5,,,trait_loss_censored,False
recalibrated_symmetric_domain,symmetric_bridge,82,20270714,2,802320332,completed,0.2,0.5,0.8,6.0,30,210,240,0.2,8343958766,sha256:c1b42fc9e6ac912a44667ef4cee02090fab37d50fc3a9928c46ae728c0610f58,H_alpha_0.10,H_alpha,0.1,True,5,,,trait_loss_censored,False
recalibrated_symmetric_domain,symmetric_bridge,82,20270714,2,802320332,completed,0.2,0.5,0.8,6.0,30,210,240,0.2,8343958766,sha256:c1b42fc9e6ac912a44667ef4cee02090fab37d50fc3a9928c46ae728c0610f58,H_alpha_0.20,H_alpha,0.2,True,20,,,trait_loss_censored,False
recalibrated_symmetric_domain,symmetric_bridge,82,20270714,2,802320332,completed,0.2,0.5,0.8,6.0,30,210,240,0.2,8343958766,sha256:c1b42fc9e6ac912a44667ef4cee02090fab37d50fc3a9928c46ae728c0610f58,H_gamma_0.05,H_gamma,0.05,True,5,,,trait_loss_censored,False
recalibrated_symmetric_domain,symmetric_bridge,82,20270714,2,802320332,completed,0.2,0.5,0.8,6.0,30,210,240,0.2,8343958766,sha256:c1b42fc9e6ac912a44667ef4cee02090fab37d50fc3a9928c46ae728c0610f58,H_gamma_0.10,H_gamma,0.1,True,20,,,trait_loss_censored,False
recalibrated_symmetric_domain,symmetric_bridge,82,20270714,2,802320332,completed,0.2,0.5,0.8,6.0,30,210,240,0.2,8343958766,sha256:c1b42fc9e6ac912a44667ef4cee02090fab37d50fc3a9928c46ae728c0610f58,H_gamma_0.20,H_gamma,0.2,True,20,,,trait_loss_censored,False
recalibrated_symmetric_domain,symmetric_bridge,83,20270714,3,802320433,completed,0.2,0.5,0.8,6.0,30,210,240,0.2,8343958766,sha256:c1b42fc9e6ac912a44667ef4cee02090fab37d50fc3a9928c46ae728c0610f58,H_alpha_0.05,H_alpha,0.05,True,2,236,234,lead,True
recalibrated_symmetric_domain,symmetric_bridge,83,20270714,3,802320433,completed,0.2,0.5,0.8,6.0,30,210,240,0.2,8343958766,sha256:c1b42fc9e6ac912a44667ef4cee02090fab37d50fc3a9928c46ae728c0610f58,H_alpha_0.10,H_alpha,0.1,True,3,236,233,lead,True
recalibrated_symmetric_domain,symmetric_bridge,83,20270714,3,802320433,completed,0.2,0.5,0.8,6.0,30,210,240,0.2,8343958766,sha256:c1b42fc9e6ac912a44667ef4cee02090fab37d50fc3a9928c46ae728c0610f58,H_alpha_0.20,H_alpha,0.2,True,6,236,230,lead,True
recalibrated_symmetric_domain,symmetric_bridge,83,20270714,3,802320433,completed,0.2,0.5,0.8,6.0,30,210,240,0.2,8343958766,sha256:c1b42fc9e6ac912a44667ef4cee02090fab37d50fc3a9928c46ae728c0610f58,H_gamma_0.05,H_gamma,0.05,True,4,236,232,lead,True
recalibrated_symmetric_domain,symmetric_bridge,83,20270714,3,802320433,completed,0.2,0.5,0.8,6.0,30,210,240,0.2,8343958766,sha256:c1b42fc9e6ac912a44667ef4cee02090fab37d50fc3a9928c46ae728c0610f58,H_gamma_0.10,H_gamma,0.1,True,8,236,228,lead,True
recalibrated_symmetric_domain,symmetric_bridge,83,20270714,3,802320433,completed,0.2,0.5,0.8,6.0,30,210,240,0.2,8343958766,sha256:c1b42fc9e6ac912a44667ef4cee02090fab37d50fc3a9928c46ae728c0610f58,H_gamma_0.20,H_gamma,0.2,True,10,236,226,lead,True
recalibrated_symmetric_domain,symmetric_bridge,84,20270714,4,802320534,completed,0.2,0.5,0.8,6.0,30,210,240,0.2,8343958766,sha256:c1b42fc9e6ac912a44667ef4cee02090fab37d50fc3a9928c46ae728c0610f58,H_alpha_0.05,H_alpha,0.05,True,4,,,trait_loss_censored,False
recalibrated_symmetric_domain,symmetric_bridge,84,20270714,4,802320534,completed,0.2,0.5,0.8,6.0,30,210,240,0.2,8343958766,sha256:c1b42fc9e6ac912a44667ef4cee02090fab37d50fc3a9928c46ae728c0610f58,H_alpha_0.10,H_alpha,0.1,True,5,,,trait_loss_censored,False
recalibrated_symmetric_domain,symmetric_bridge,84,20270714,4,802320534,completed,0.2,0.5,0.8,6.0,30,210,240,0.2,8343958766,sha256:c1b42fc9e6ac912a44667ef4cee02090fab37d50fc3a9928c46ae728c0610f58,H_alpha_0.20,H_alpha,0.2,True,17,,,trait_loss_censored,False
recalibrated_symmetric_domain,symmetric_bridge,84,20270714,4,802320534,completed,0.2,0.5,0.8,6.0,30,210,240,0.2,8343958766,sha256:c1b42fc9e6ac912a44667ef4cee02090fab37d50fc3a9928c46ae728c0610f58,H_gamma_0.05,H_gamma,0.05,True,12,,,trait_loss_censored,False
recalibrated_symmetric_domain,symmetric_bridge,84,20270714,4,802320534,completed,0.2,0.5,0.8,6.0,30,210,240,0.2,8343958766,sha256:c1b42fc9e6ac912a44667ef4cee02090fab37d50fc3a9928c46ae728c0610f58,H_gamma_0.10,H_gamma,0.1,True,17,,,trait_loss_censored,False
recalibrated_symmetric_domain,symmetric_bridge,84,20270714,4,802320534,completed,0.2,0.5,0.8,6.0,30,210,240,0.2,8343958766,sha256:c1b42fc9e6ac912a44667ef4cee02090fab37d50fc3a9928c46ae728c0610f58,H_gamma_0.20,H_gamma,0.2,True,33,,,trait_loss_censored,False
recalibrated_symmetric_domain,symmetric_bridge,85,20270714,5,802320635,source_preparation_failed,0.2,0.5,0.8,6.0,30,210,240,0.2,8343958766,sha256:c1b42fc9e6ac912a44667ef4cee02090fab37d50fc3a9928c46ae728c0610f58,H_alpha_0.05,H_alpha,0.05,False,,,,source_preparation_failed,False
recalibrated_symmetric_domain,symmetric_bridge,85,20270714,5,802320635,source_preparation_failed,0.2,0.5,0.8,6.0,30,210,240,0.2,8343958766,sha256:c1b42fc9e6ac912a44667ef4cee02090fab37d50fc3a9928c46ae728c0610f58,H_alpha_0.10,H_alpha,0.1,False,,,,source_preparation_failed,False
recalibrated_symmetric_domain,symmetric_bridge,85,20270714,5,802320635,source_preparation_failed,0.2,0.5,0.8,6.0,30,210,240,0.2,8343958766,sha256:c1b42fc9e6ac912a44667ef4cee02090fab37d50fc3a9928c46ae728c0610f58,H_alpha_0.20,H_alpha,0.2,False,,,,source_preparation_failed,False
recalibrated_symmetric_domain,symmetric_bridge,85,20270714,5,802320635,source_preparation_failed,0.2,0.5,0.8,6.0,30,210,240,0.2,8343958766,sha256:c1b42fc9e6ac912a44667ef4cee02090fab37d50fc3a9928c46ae728c0610f58,H_gamma_0.05,H_gamma,0.05,False,,,,source_preparation_failed,False
recalibrated_symmetric_domain,symmetric_bridge,85,20270714,5,802320635,source_preparation_failed,0.2,0.5,0.8,6.0,30,210,240,0.2,8343958766,sha256:c1b42fc9e6ac912a44667ef4cee02090fab37d50fc3a9928c46ae728c0610f58,H_gamma_0.10,H_gamma,0.1,False,,,,source_preparation_failed,False
recalibrated_symmetric_domain,symmetric_bridge,85,20270714,5,802320635,source_preparation_failed,0.2,0.5,0.8,6.0,30,210,240,0.2,8343958766,sha256:c1b42fc9e6ac912a44667ef4cee02090fab37d50fc3a9928c46ae728c0610f58,H_gamma_0.20,H_gamma,0.2,False,,,,source_preparation_failed,False
recalibrated_symmetric_domain,symmetric_bridge,86,20270714,6,802320736,completed,0.2,0.5,0.8,6.0,30,210,240,0.2,8343958766,sha256:c1b42fc9e6ac912a44667ef4cee02090fab37d50fc3a9928c46ae728c0610f58,H_alpha_0.05,H_alpha,0.05,True,4,134,130,lead,True
recalibrated_symmetric_domain,symmetric_bridge,86,20270714,6,802320736,completed,0.2,0.5,0.8,6.0,30,210,240,0.2,8343958766,sha256:c1b42fc9e6ac912a44667ef4cee02090fab37d50fc3a9928c46ae728c0610f58,H_alpha_0.10,H_alpha,0.1,True,6,134,128,lead,True
recalibrated_symmetric_domain,symmetric_bridge,86,20270714,6,802320736,completed,0.2,0.5,0.8,6.0,30,210,240,0.2,8343958766,sha256:c1b42fc9e6ac912a44667ef4cee02090fab37d50fc3a9928c46ae728c0610f58,H_alpha_0.20,H_alpha,0.2,True,6,134,128,lead,True
recalibrated_symmetric_domain,symmetric_bridge,86,20270714,6,802320736,completed,0.2,0.5,0.8,6.0,30,210,240,0.2,8343958766,sha256:c1b42fc9e6ac912a44667ef4cee02090fab37d50fc3a9928c46ae728c0610f58,H_gamma_0.05,H_gamma,0.05,True,6,134,128,lead,True
recalibrated_symmetric_domain,symmetric_bridge,86,20270714,6,802320736,completed,0.2,0.5,0.8,6.0,30,210,240,0.2,8343958766,sha256:c1b42fc9e6ac912a44667ef4cee02090fab37d50fc3a9928c46ae728c0610f58,H_gamma_0.10,H_gamma,0.1,True,6,134,128,lead,True
recalibrated_symmetric_domain,symmetric_bridge,86,20270714,6,802320736,completed,0.2,0.5,0.8,6.0,30,210,240,0.2,8343958766,sha256:c1b42fc9e6ac912a44667ef4cee02090fab37d50fc3a9928c46ae728c0610f58,H_gamma_0.20,H_gamma,0.2,True,25,134,109,lead,True
recalibrated_symmetric_domain,symmetric_bridge,87,20270714,7,802320837,completed,0.2,0.5,0.8,6.0,30,210,240,0.2,8343958766,sha256:c1b42fc9e6ac912a44667ef4cee02090fab37d50fc3a9928c46ae728c0610f58,H_alpha_0.05,H_alpha,0.05,True,3,,,trait_loss_censored,False
recalibrated_symmetric_domain,symmetric_bridge,87,20270714,7,802320837,completed,0.2,0.5,0.8,6.0,30,210,240,0.2,8343958766,sha256:c1b42fc9e6ac912a44667ef4cee02090fab37d50fc3a9928c46ae728c0610f58,H_alpha_0.10,H_alpha,0.1,True,5,,,trait_loss_censored,False
recalibrated_symmetric_domain,symmetric_bridge,87,20270714,7,802320837,completed,0.2,0.5,0.8,6.0,30,210,240,0.2,8343958766,sha256:c1b42fc9e6ac912a44667ef4cee02090fab37d50fc3a9928c46ae728c0610f58,H_alpha_0.20,H_alpha,0.2,True,22,,,trait_loss_censored,False
recalibrated_symmetric_domain,symmetric_bridge,87,20270714,7,802320837,completed,0.2,0.5,0.8,6.0,30,210,240,0.2,8343958766,sha256:c1b42fc9e6ac912a44667ef4cee02090fab37d50fc3a9928c46ae728c0610f58,H_gamma_0.05,H_gamma,0.05,True,10,,,trait_loss_censored,False
recalibrated_symmetric_domain,symmetric_bridge,87,20270714,7,802320837,completed,0.2,0.5,0.8,6.0,30,210,240,0.2,8343958766,sha256:c1b42fc9e6ac912a44667ef4cee02090fab37d50fc3a9928c46ae728c0610f58,H_gamma_0.10,H_gamma,0.1,True,11,,,trait_loss_censored,False
recalibrated_symmetric_domain,symmetric_bridge,87,20270714,7,802320837,completed,0.2,0.5,0.8,6.0,30,210,240,0.2,8343958766,sha256:c1b42fc9e6ac912a44667ef4cee02090fab37d50fc3a9928c46ae728c0610f58,H_gamma_0.20,H_gamma,0.2,True,22,,,trait_loss_censored,False
recalibrated_symmetric_domain,symmetric_bridge,88,20270714,8,802320938,source_preparation_failed,0.2,0.5,0.8,6.0,30,210,240,0.2,8343958766,sha256:c1b42fc9e6ac912a44667ef4cee02090fab37d50fc3a9928c46ae728c0610f58,H_alpha_0.05,H_alpha,0.05,False,,,,source_preparation_failed,False
recalibrated_symmetric_domain,symmetric_bridge,88,20270714,8,802320938,source_preparation_failed,0.2,0.5,0.8,6.0,30,210,240,0.2,8343958766,sha256:c1b42fc9e6ac912a44667ef4cee02090fab37d50fc3a9928c46ae728c0610f58,H_alpha_0.10,H_alpha,0.1,False,,,,source_preparation_failed,False
recalibrated_symmetric_domain,symmetric_bridge,88,20270714,8,802320938,source_preparation_failed,0.2,0.5,0.8,6.0,30,210,240,0.2,8343958766,sha256:c1b42fc9e6ac912a44667ef4cee02090fab37d50fc3a9928c46ae728c0610f58,H_alpha_0.20,H_alpha,0.2,False,,,,source_preparation_failed,False
recalibrated_symmetric_domain,symmetric_bridge,88,20270714,8,802320938,source_preparation_failed,0.2,0.5,0.8,6.0,30,210,240,0.2,8343958766,sha256:c1b42fc9e6ac912a44667ef4cee02090fab37d50fc3a9928c46ae728c0610f58,H_gamma_0.05,H_gamma,0.05,False,,,,source_preparation_failed,False
recalibrated_symmetric_domain,symmetric_bridge,88,20270714,8,802320938,source_preparation_failed,0.2,0.5,0.8,6.0,30,210,240,0.2,8343958766,sha256:c1b42fc9e6ac912a44667ef4cee02090fab37d50fc3a9928c46ae728c0610f58,H_gamma_0.10,H_gamma,0.1,False,,,,source_preparation_failed,False
recalibrated_symmetric_domain,symmetric_bridge,88,20270714,8,802320938,source_preparation_failed,0.2,0.5,0.8,6.0,30,210,240,0.2,8343958766,sha256:c1b42fc9e6ac912a44667ef4cee02090fab37d50fc3a9928c46ae728c0610f58,H_gamma_0.20,H_gamma,0.2,False,,,,source_preparation_failed,False
recalibrated_symmetric_domain,symmetric_bridge,89,20270714,9,802321039,completed,0.2,0.5,0.8,6.0,30,210,240,0.2,8343958766,sha256:c1b42fc9e6ac912a44667ef4cee02090fab37d50fc3a9928c46ae728c0610f58,H_alpha_0.05,H_alpha,0.05,True,2,92,90,lead,True
recalibrated_symmetric_domain,symmetric_bridge,89,20270714,9,802321039,completed,0.2,0.5,0.8,6.0,30,210,240,0.2,8343958766,sha256:c1b42fc9e6ac912a44667ef4cee02090fab37d50fc3a9928c46ae728c0610f58,H_alpha_0.10,H_alpha,0.1,True,2,92,90,lead,True
recalibrated_symmetric_domain,symmetric_bridge,89,20270714,9,802321039,completed,0.2,0.5,0.8,6.0,30,210,240,0.2,8343958766,sha256:c1b42fc9e6ac912a44667ef4cee02090fab37d50fc3a9928c46ae728c0610f58,H_alpha_0.20,H_alpha,0.2,True,8,92,84,lead,True
recalibrated_symmetric_domain,symmetric_bridge,89,20270714,9,802321039,completed,0.2,0.5,0.8,6.0,30,210,240,0.2,8343958766,sha256:c1b42fc9e6ac912a44667ef4cee02090fab37d50fc3a9928c46ae728c0610f58,H_gamma_0.05,H_gamma,0.05,True,4,92,88,lead,True
recalibrated_symmetric_domain,symmetric_bridge,89,20270714,9,802321039,completed,0.2,0.5,0.8,6.0,30,210,240,0.2,8343958766,sha256:c1b42fc9e6ac912a44667ef4cee02090fab37d50fc3a9928c46ae728c0610f58,H_gamma_0.10,H_gamma,0.1,True,5,92,87,lead,True
recalibrated_symmetric_domain,symmetric_bridge,89,20270714,9,802321039,completed,0.2,0.5,0.8,6.0,30,210,240,0.2,8343958766,sha256:c1b42fc9e6ac912a44667ef4cee02090fab37d50fc3a9928c46ae728c0610f58,H_gamma_0.20,H_gamma,0.2,True,15,92,77,lead,True
recalibrated_symmetric_domain,symmetric_bridge,90,20270714,10,802321140,completed,0.2,0.5,0.8,6.0,30,210,240,0.2,8343958766,sha256:c1b42fc9e6ac912a44667ef4cee02090fab37d50fc3a9928c46ae728c0610f58,H_alpha_0.05,H_alpha,0.05,True,2,,,trait_loss_censored,False
recalibrated_symmetric_domain,symmetric_bridge,90,20270714,10,802321140,completed,0.2,0.5,0.8,6.0,30,210,240,0.2,8343958766,sha256:c1b42fc9e6ac912a44667ef4cee02090fab37d50fc3a9928c46ae728c0610f58,H_alpha_0.10,H_alpha,0.1,True,6,,,trait_loss_censored,False
recalibrated_symmetric_domain,symmetric_bridge,90,20270714,10,802321140,completed,0.2,0.5,0.8,6.0,30,210,240,0.2,8343958766,sha256:c1b42fc9e6ac912a44667ef4cee02090fab37d50fc3a9928c46ae728c0610f58,H_alpha_0.20,H_alpha,0.2,True,6,,,trait_loss_censored,False
recalibrated_symmetric_domain,symmetric_bridge,90,20270714,10,802321140,completed,0.2,0.5,0.8,6.0,30,210,240,0.2,8343958766,sha256:c1b42fc9e6ac912a44667ef4cee02090fab37d50fc3a9928c46ae728c0610f58,H_gamma_0.05,H_gamma,0.05,True,5,,,trait_loss_censored,False
recalibrated_symmetric_domain,symmetric_bridge,90,20270714,10,802321140,completed,0.2,0.5,0.8,6.0,30,210,240,0.2,8343958766,sha256:c1b42fc9e6ac912a44667ef4cee02090fab37d50fc3a9928c46ae728c0610f58,H_gamma_0.10,H_gamma,0.1,True,6,,,trait_loss_censored,False
recalibrated_symmetric_domain,symmetric_bridge,90,20270714,10,802321140,completed,0.2,0.5,0.8,6.0,30,210,240,0.2,8343958766,sha256:c1b42fc9e6ac912a44667ef4cee02090fab37d50fc3a9928c46ae728c0610f58,H_gamma_0.20,H_gamma,0.2,True,9,,,trait_loss_censored,False
recalibrated_symmetric_domain,symmetric_bridge,91,20270714,11,802321241,completed,0.2,0.5,0.8,6.0,30,210,240,0.2,8343958766,sha256:c1b42fc9e6ac912a44667ef4cee02090fab37d50fc3a9928c46ae728c0610f58,H_alpha_0.05,H_alpha,0.05,True,5,206,201,lead,True
recalibrated_symmetric_domain,symmetric_bridge,91,20270714,11,802321241,completed,0.2,0.5,0.8,6.0,30,210,240,0.2,8343958766,sha256:c1b42fc9e6ac912a44667ef4cee02090fab37d50fc3a9928c46ae728c0610f58,H_alpha_0.10,H_alpha,0.1,True,5,206,201,lead,True
recalibrated_symmetric_domain,symmetric_bridge,91,20270714,11,802321241,completed,0.2,0.5,0.8,6.0,30,210,240,0.2,8343958766,sha256:c1b42fc9e6ac912a44667ef4cee02090fab37d50fc3a9928c46ae728c0610f58,H_alpha_0.20,H_alpha,0.2,True,8,206,198,lead,True
recalibrated_symmetric_domain,symmetric_bridge,91,20270714,11,802321241,completed,0.2,0.5,0.8,6.0,30,210,240,0.2,8343958766,sha256:c1b42fc9e6ac912a44667ef4cee02090fab37d50fc3a9928c46ae728c0610f58,H_gamma_0.05,H_gamma,0.05,True,8,206,198,lead,True
recalibrated_symmetric_domain,symmetric_bridge,91,20270714,11,802321241,completed,0.2,0.5,0.8,6.0,30,210,240,0.2,8343958766,sha256:c1b42fc9e6ac912a44667ef4cee02090fab37d50fc3a9928c46ae728c0610f58,H_gamma_0.10,H_gamma,0.1,True,8,206,198,lead,True
recalibrated_symmetric_domain,symmetric_bridge,91,20270714,11,802321241,completed,0.2,0.5,0.8,6.0,30,210,240,0.2,8343958766,sha256:c1b42fc9e6ac912a44667ef4cee02090fab37d50fc3a9928c46ae728c0610f58,H_gamma_0.20,H_gamma,0.2,True,8,206,198,lead,True
recalibrated_symmetric_domain,symmetric_bridge,92,20270714,12,802321342,completed,0.2,0.5,0.8,6.0,30,210,240,0.2,8343958766,sha256:c1b42fc9e6ac912a44667ef4cee02090fab37d50fc3a9928c46ae728c0610f58,H_alpha_0.05,H_alpha,0.05,True,3,,,trait_loss_censored,False
recalibrated_symmetric_domain,symmetric_bridge,92,20270714,12,802321342,completed,0.2,0.5,0.8,6.0,30,210,240,0.2,8343958766,sha256:c1b42fc9e6ac912a44667ef4cee02090fab37d50fc3a9928c46ae728c0610f58,H_alpha_0.10,H_alpha,0.1,True,4,,,trait_loss_censored,False
recalibrated_symmetric_domain,symmetric_bridge,92,20270714,12,802321342,completed,0.2,0.5,0.8,6.0,30,210,240,0.2,8343958766,sha256:c1b42fc9e6ac912a44667ef4cee02090fab37d50fc3a9928c46ae728c0610f58,H_alpha_0.20,H_alpha,0.2,True,4,,,trait_loss_censored,False
recalibrated_symmetric_domain,symmetric_bridge,92,20270714,12,802321342,completed,0.2,0.5,0.8,6.0,30,210,240,0.2,8343958766,sha256:c1b42fc9e6ac912a44667ef4cee02090fab37d50fc3a9928c46ae728c0610f58,H_gamma_0.05,H_gamma,0.05,True,4,,,trait_loss_censored,False
recalibrated_symmetric_domain,symmetric_bridge,92,20270714,12,802321342,completed,0.2,0.5,0.8,6.0,30,210,240,0.2,8343958766,sha256:c1b42fc9e6ac912a44667ef4cee02090fab37d50fc3a9928c46ae728c0610f58,H_gamma_0.10,H_gamma,0.1,True,4,,,trait_loss_censored,False
recalibrated_symmetric_domain,symmetric_bridge,92,20270714,12,802321342,completed,0.2,0.5,0.8,6.0,30,210,240,0.2,8343958766,sha256:c1b42fc9e6ac912a44667ef4cee02090fab37d50fc3a9928c46ae728c0610f58,H_gamma_0.20,H_gamma,0.2,True,13,,,trait_loss_censored,False
recalibrated_symmetric_domain,symmetric_bridge,93,20270714,13,802321443,completed,0.2,0.5,0.8,6.0,30,210,240,0.2,8343958766,sha256:c1b42fc9e6ac912a44667ef4cee02090fab37d50fc3a9928c46ae728c0610f58,H_alpha_0.05,H_alpha,0.05,True,1,192,191,lead,True
recalibrated_symmetric_domain,symmetric_bridge,93,20270714,13,802321443,completed,0.2,0.5,0.8,6.0,30,210,240,0.2,8343958766,sha256:c1b42fc9e6ac912a44667ef4cee02090fab37d50fc3a9928c46ae728c0610f58,H_alpha_0.10,H_alpha,0.1,True,1,192,191,lead,True
recalibrated_symmetric_domain,symmetric_bridge,93,20270714,13,802321443,completed,0.2,0.5,0.8,6.0,30,210,240,0.2,8343958766,sha256:c1b42fc9e6ac912a44667ef4cee02090fab37d50fc3a9928c46ae728c0610f58,H_alpha_0.20,H_alpha,0.2,True,3,192,189,lead,True
recalibrated_symmetric_domain,symmetric_bridge,93,20270714,13,802321443,completed,0.2,0.5,0.8,6.0,30,210,240,0.2,8343958766,sha256:c1b42fc9e6ac912a44667ef4cee02090fab37d50fc3a9928c46ae728c0610f58,H_gamma_0.05,H_gamma,0.05,True,3,192,189,lead,True
recalibrated_symmetric_domain,symmetric_bridge,93,20270714,13,802321443,completed,0.2,0.5,0.8,6.0,30,210,240,0.2,8343958766,sha256:c1b42fc9e6ac912a44667ef4cee02090fab37d50fc3a9928c46ae728c0610f58,H_gamma_0.10,H_gamma,0.1,True,3,192,189,lead,True
recalibrated_symmetric_domain,symmetric_bridge,93,20270714,13,802321443,completed,0.2,0.5,0.8,6.0,30,210,240,0.2,8343958766,sha256:c1b42fc9e6ac912a44667ef4cee02090fab37d50fc3a9928c46ae728c0610f58,H_gamma_0.20,H_gamma,0.2,True,21,192,171,lead,True
recalibrated_symmetric_domain,symmetric_bridge,94,20270714,14,802321544,completed,0.2,0.5,0.8,6.0,30,210,240,0.2,8343958766,sha256:c1b42fc9e6ac912a44667ef4cee02090fab37d50fc3a9928c46ae728c0610f58,H_alpha_0.05,H_alpha,0.05,True,2,226,224,lead,True
recalibrated_symmetric_domain,symmetric_bridge,94,20270714,14,802321544,completed,0.2,0.5,0.8,6.0,30,210,240,0.2,8343958766,sha256:c1b42fc9e6ac912a44667ef4cee02090fab37d50fc3a9928c46ae728c0610f58,H_alpha_0.10,H_alpha,0.1,True,6,226,220,lead,True
recalibrated_symmetric_domain,symmetric_bridge,94,20270714,14,802321544,completed,0.2,0.5,0.8,6.0,30,210,240,0.2,8343958766,sha256:c1b42fc9e6ac912a44667ef4cee02090fab37d50fc3a9928c46ae728c0610f58,H_alpha_0.20,H_alpha,0.2,True,6,226,220,lead,True
recalibrated_symmetric_domain,symmetric_bridge,94,20270714,14,802321544,completed,0.2,0.5,0.8,6.0,30,210,240,0.2,8343958766,sha256:c1b42fc9e6ac912a44667ef4cee02090fab37d50fc3a9928c46ae728c0610f58,H_gamma_0.05,H_gamma,0.05,True,6,226,220,lead,True
recalibrated_symmetric_domain,symmetric_bridge,94,20270714,14,802321544,completed,0.2,0.5,0.8,6.0,30,210,240,0.2,8343958766,sha256:c1b42fc9e6ac912a44667ef4cee02090fab37d50fc3a9928c46ae728c0610f58,H_gamma_0.10,H_gamma,0.1,True,8,226,218,lead,True
recalibrated_symmetric_domain,symmetric_bridge,94,20270714,14,802321544,completed,0.2,0.5,0.8,6.0,30,210,240,0.2,8343958766,sha256:c1b42fc9e6ac912a44667ef4cee02090fab37d50fc3a9928c46ae728c0610f58,H_gamma_0.20,H_gamma,0.2,True,9,226,217,lead,True
recalibrated_symmetric_domain,symmetric_bridge,95,20270714,15,802321645,completed,0.2,0.5,0.8,6.0,30,210,240,0.2,8343958766,sha256:c1b42fc9e6ac912a44667ef4cee02090fab37d50fc3a9928c46ae728c0610f58,H_alpha_0.05,H_alpha,0.05,True,8,42,34,lead,True
recalibrated_symmetric_domain,symmetric_bridge,95,20270714,15,802321645,completed,0.2,0.5,0.8,6.0,30,210,240,0.2,8343958766,sha256:c1b42fc9e6ac912a44667ef4cee02090fab37d50fc3a9928c46ae728c0610f58,H_alpha_0.10,H_alpha,0.1,True,13,42,29,lead,True
recalibrated_symmetric_domain,symmetric_bridge,95,20270714,15,802321645,completed,0.2,0.5,0.8,6.0,30,210,240,0.2,8343958766,sha256:c1b42fc9e6ac912a44667ef4cee02090fab37d50fc3a9928c46ae728c0610f58,H_alpha_0.20,H_alpha,0.2,True,13,42,29,lead,True
recalibrated_symmetric_domain,symmetric_bridge,95,20270714,15,802321645,completed,0.2,0.5,0.8,6.0,30,210,240,0.2,8343958766,sha256:c1b42fc9e6ac912a44667ef4cee02090fab37d50fc3a9928c46ae728c0610f58,H_gamma_0.05,H_gamma,0.05,True,18,42,24,lead,True
recalibrated_symmetric_domain,symmetric_bridge,95,20270714,15,802321645,completed,0.2,0.5,0.8,6.0,30,210,240,0.2,8343958766,sha256:c1b42fc9e6ac912a44667ef4cee02090fab37d50fc3a9928c46ae728c0610f58,H_gamma_0.10,H_gamma,0.1,True,18,42,24,lead,True
recalibrated_symmetric_domain,symmetric_bridge,95,20270714,15,802321645,completed,0.2,0.5,0.8,6.0,30,210,240,0.2,8343958766,sha256:c1b42fc9e6ac912a44667ef4cee02090fab37d50fc3a9928c46ae728c0610f58,H_gamma_0.20,H_gamma,0.2,True,42,42,0,tie,True
recalibrated_symmetric_domain,symmetric_bridge,96,20270714,16,802321746,completed,0.2,0.5,0.8,6.0,30,210,240,0.2,8343958766,sha256:c1b42fc9e6ac912a44667ef4cee02090fab37d50fc3a9928c46ae728c0610f58,H_alpha_0.05,H_alpha,0.05,True,8,203,195,lead,True
recalibrated_symmetric_domain,symmetric_bridge,96,20270714,16,802321746,completed,0.2,0.5,0.8,6.0,30,210,240,0.2,8343958766,sha256:c1b42fc9e6ac912a44667ef4cee02090fab37d50fc3a9928c46ae728c0610f58,H_alpha_0.10,H_alpha,0.1,True,8,203,195,lead,True
recalibrated_symmetric_domain,symmetric_bridge,96,20270714,16,802321746,completed,0.2,0.5,0.8,6.0,30,210,240,0.2,8343958766,sha256:c1b42fc9e6ac912a44667ef4cee02090fab37d50fc3a9928c46ae728c0610f58,H_alpha_0.20,H_alpha,0.2,True,41,203,162,lead,True
recalibrated_symmetric_domain,symmetric_bridge,96,20270714,16,802321746,completed,0.2,0.5,0.8,6.0,30,210,240,0.2,8343958766,sha256:c1b42fc9e6ac912a44667ef4cee02090fab37d50fc3a9928c46ae728c0610f58,H_gamma_0.05,H_gamma,0.05,True,15,203,188,lead,True
recalibrated_symmetric_domain,symmetric_bridge,96,20270714,16,802321746,completed,0.2,0.5,0.8,6.0,30,210,240,0.2,8343958766,sha256:c1b42fc9e6ac912a44667ef4cee02090fab37d50fc3a9928c46ae728c0610f58,H_gamma_0.10,H_gamma,0.1,True,41,203,162,lead,True
recalibrated_symmetric_domain,symmetric_bridge,96,20270714,16,802321746,completed,0.2,0.5,0.8,6.0,30,210,240,0.2,8343958766,sha256:c1b42fc9e6ac912a44667ef4cee02090fab37d50fc3a9928c46ae728c0610f58,H_gamma_0.20,H_gamma,0.2,True,61,203,142,lead,True
recalibrated_symmetric_domain,symmetric_bridge,97,20270714,17,802321847,completed,0.2,0.5,0.8,6.0,30,210,240,0.2,8343958766,sha256:c1b42fc9e6ac912a44667ef4cee02090fab37d50fc3a9928c46ae728c0610f58,H_alpha_0.05,H_alpha,0.05,True,10,206,196,lead,True
recalibrated_symmetric_domain,symmetric_bridge,97,20270714,17,802321847,completed,0.2,0.5,0.8,6.0,30,210,240,0.2,8343958766,sha256:c1b42fc9e6ac912a44667ef4cee02090fab37d50fc3a9928c46ae728c0610f58,H_alpha_0.10,H_alpha,0.1,True,10,206,196,lead,True
recalibrated_symmetric_domain,symmetric_bridge,97,20270714,17,802321847,completed,0.2,0.5,0.8,6.0,30,210,240,0.2,8343958766,sha256:c1b42fc9e6ac912a44667ef4cee02090fab37d50fc3a9928c46ae728c0610f58,H_alpha_0.20,H_alpha,0.2,True,25,206,181,lead,True
recalibrated_symmetric_domain,symmetric_bridge,97,20270714,17,802321847,completed,0.2,0.5,0.8,6.0,30,210,240,0.2,8343958766,sha256:c1b42fc9e6ac912a44667ef4cee02090fab37d50fc3a9928c46ae728c0610f58,H_gamma_0.05,H_gamma,0.05,True,10,206,196,lead,True
recalibrated_symmetric_domain,symmetric_bridge,97,20270714,17,802321847,completed,0.2,0.5,0.8,6.0,30,210,240,0.2,8343958766,sha256:c1b42fc9e6ac912a44667ef4cee02090fab37d50fc3a9928c46ae728c0610f58,H_gamma_0.10,H_gamma,0.1,True,10,206,196,lead,True
recalibrated_symmetric_domain,symmetric_bridge,97,20270714,17,802321847,completed,0.2,0.5,0.8,6.0,30,210,240,0.2,8343958766,sha256:c1b42fc9e6ac912a44667ef4cee02090fab37d50fc3a9928c46ae728c0610f58,H_gamma_0.20,H_gamma,0.2,True,44,206,162,lead,True
recalibrated_symmetric_domain,symmetric_bridge,98,20270714,18,802321948,completed,0.2,0.5,0.8,6.0,30,210,240,0.2,8343958766,sha256:c1b42fc9e6ac912a44667ef4cee02090fab37d50fc3a9928c46ae728c0610f58,H_alpha_0.05,H_alpha,0.05,True,12,,,trait_loss_censored,False
recalibrated_symmetric_domain,symmetric_bridge,98,20270714,18,802321948,completed,0.2,0.5,0.8,6.0,30,210,240,0.2,8343958766,sha256:c1b42fc9e6ac912a44667ef4cee02090fab37d50fc3a9928c46ae728c0610f58,H_alpha_0.10,H_alpha,0.1,True,14,,,trait_loss_censored,False
recalibrated_symmetric_domain,symmetric_bridge,98,20270714,18,802321948,completed,0.2,0.5,0.8,6.0,30,210,240,0.2,8343958766,sha256:c1b42fc9e6ac912a44667ef4cee02090fab37d50fc3a9928c46ae728c0610f58,H_alpha_0.20,H_alpha,0.2,True,15,,,trait_loss_censored,False
recalibrated_symmetric_domain,symmetric_bridge,98,20270714,18,802321948,completed,0.2,0.5,0.8,6.0,30,210,240,0.2,8343958766,sha256:c1b42fc9e6ac912a44667ef4cee02090fab37d50fc3a9928c46ae728c0610f58,H_gamma_0.05,H_gamma,0.05,True,12,,,trait_loss_censored,False
recalibrated_symmetric_domain,symmetric_bridge,98,20270714,18,802321948,completed,0.2,0.5,0.8,6.0,30,210,240,0.2,8343958766,sha256:c1b42fc9e6ac912a44667ef4cee02090fab37d50fc3a9928c46ae728c0610f58,H_gamma_0.10,H_gamma,0.1,True,19,,,trait_loss_censored,False
recalibrated_symmetric_domain,symmetric_bridge,98,20270714,18,802321948,completed,0.2,0.5,0.8,6.0,30,210,240,0.2,8343958766,sha256:c1b42fc9e6ac912a44667ef4cee02090fab37d50fc3a9928c46ae728c0610f58,H_gamma_0.20,H_gamma,0.2,True,36,,,trait_loss_censored,False
recalibrated_symmetric_domain,symmetric_bridge,99,20270714,19,802322049,completed,0.2,0.5,0.8,6.0,30,210,240,0.2,8343958766,sha256:c1b42fc9e6ac912a44667ef4cee02090fab37d50fc3a9928c46ae728c0610f58,H_alpha_0.05,H_alpha,0.05,True,9,,,trait_loss_censored,False
recalibrated_symmetric_domain,symmetric_bridge,99,20270714,19,802322049,completed,0.2,0.5,0.8,6.0,30,210,240,0.2,8343958766,sha256:c1b42fc9e6ac912a44667ef4cee02090fab37d50fc3a9928c46ae728c0610f58,H_alpha_0.10,H_alpha,0.1,True,11,,,trait_loss_censored,False
recalibrated_symmetric_domain,symmetric_bridge,99,20270714,19,802322049,completed,0.2,0.5,0.8,6.0,30,210,240,0.2,8343958766,sha256:c1b42fc9e6ac912a44667ef4cee02090fab37d50fc3a9928c46ae728c0610f58,H_alpha_0.20,H_alpha,0.2,True,12,,,trait_loss_censored,False
recalibrated_symmetric_domain,symmetric_bridge,99,20270714,19,802322049,completed,0.2,0.5,0.8,6.0,30,210,240,0.2,8343958766,sha256:c1b42fc9e6ac912a44667ef4cee02090fab37d50fc3a9928c46ae728c0610f58,H_gamma_0.05,H_gamma,0.05,True,11,,,trait_loss_censored,False
recalibrated_symmetric_domain,symmetric_bridge,99,20270714,19,802322049,completed,0.2,0.5,0.8,6.0,30,210,240,0.2,8343958766,sha256:c1b42fc9e6ac912a44667ef4cee02090fab37d50fc3a9928c46ae728c0610f58,H_gamma_0.10,H_gamma,0.1,True,11,,,trait_loss_censored,False
recalibrated_symmetric_domain,symmetric_bridge,99,20270714,19,802322049,completed,0.2,0.5,0.8,6.0,30,210,240,0.2,8343958766,sha256:c1b42fc9e6ac912a44667ef4cee02090fab37d50fc3a9928c46ae728c0610f58,H_gamma_0.20,H_gamma,0.2,True,16,,,trait_loss_censored,False
directional_calibrated_domain,transition,0,20270710,0,1540354455,source_preparation_failed,0.05,0.9,1.0,4.5,30,90,120,0.1,8343922879,sha256:0a994bea874fc9c47544169cd31bbc317c88690dfe1b6fa7548516e35fd7bca8,H_alpha_0.05,H_alpha,0.05,False,,,,source_preparation_failed,False
directional_calibrated_domain,transition,0,20270710,0,1540354455,source_preparation_failed,0.05,0.9,1.0,4.5,30,90,120,0.1,8343922879,sha256:0a994bea874fc9c47544169cd31bbc317c88690dfe1b6fa7548516e35fd7bca8,H_alpha_0.10,H_alpha,0.1,False,,,,source_preparation_failed,False
directional_calibrated_domain,transition,0,20270710,0,1540354455,source_preparation_failed,0.05,0.9,1.0,4.5,30,90,120,0.1,8343922879,sha256:0a994bea874fc9c47544169cd31bbc317c88690dfe1b6fa7548516e35fd7bca8,H_alpha_0.20,H_alpha,0.2,False,,,,source_preparation_failed,False
directional_calibrated_domain,transition,0,20270710,0,1540354455,source_preparation_failed,0.05,0.9,1.0,4.5,30,90,120,0.1,8343922879,sha256:0a994bea874fc9c47544169cd31bbc317c88690dfe1b6fa7548516e35fd7bca8,H_gamma_0.05,H_gamma,0.05,False,,,,source_preparation_failed,False
directional_calibrated_domain,transition,0,20270710,0,1540354455,source_preparation_failed,0.05,0.9,1.0,4.5,30,90,120,0.1,8343922879,sha256:0a994bea874fc9c47544169cd31bbc317c88690dfe1b6fa7548516e35fd7bca8,H_gamma_0.10,H_gamma,0.1,False,,,,source_preparation_failed,False
directional_calibrated_domain,transition,0,20270710,0,1540354455,source_preparation_failed,0.05,0.9,1.0,4.5,30,90,120,0.1,8343922879,sha256:0a994bea874fc9c47544169cd31bbc317c88690dfe1b6fa7548516e35fd7bca8,H_gamma_0.20,H_gamma,0.2,False,,,,source_preparation_failed,False
directional_calibrated_domain,transition,1,20270710,1,1540354556,completed,0.05,0.9,1.0,4.5,30,90,120,0.1,8343922879,sha256:0a994bea874fc9c47544169cd31bbc317c88690dfe1b6fa7548516e35fd7bca8,H_alpha_0.05,H_alpha,0.05,True,1,69,68,lead,True
directional_calibrated_domain,transition,1,20270710,1,1540354556,completed,0.05,0.9,1.0,4.5,30,90,120,0.1,8343922879,sha256:0a994bea874fc9c47544169cd31bbc317c88690dfe1b6fa7548516e35fd7bca8,H_alpha_0.10,H_alpha,0.1,True,1,69,68,lead,True
directional_calibrated_domain,transition,1,20270710,1,1540354556,completed,0.05,0.9,1.0,4.5,30,90,120,0.1,8343922879,sha256:0a994bea874fc9c47544169cd31bbc317c88690dfe1b6fa7548516e35fd7bca8,H_alpha_0.20,H_alpha,0.2,True,16,69,53,lead,True
directional_calibrated_domain,transition,1,20270710,1,1540354556,completed,0.05,0.9,1.0,4.5,30,90,120,0.1,8343922879,sha256:0a994bea874fc9c47544169cd31bbc317c88690dfe1b6fa7548516e35fd7bca8,H_gamma_0.05,H_gamma,0.05,True,1,69,68,lead,True
directional_calibrated_domain,transition,1,20270710,1,1540354556,completed,0.05,0.9,1.0,4.5,30,90,120,0.1,8343922879,sha256:0a994bea874fc9c47544169cd31bbc317c88690dfe1b6fa7548516e35fd7bca8,H_gamma_0.10,H_gamma,0.1,True,1,69,68,lead,True
directional_calibrated_domain,transition,1,20270710,1,1540354556,completed,0.05,0.9,1.0,4.5,30,90,120,0.1,8343922879,sha256:0a994bea874fc9c47544169cd31bbc317c88690dfe1b6fa7548516e35fd7bca8,H_gamma_0.20,H_gamma,0.2,True,,69,,warning_censored,False
directional_calibrated_domain,transition,2,20270710,2,1540354657,completed,0.05,0.9,1.0,4.5,30,90,120,0.1,8343922879,sha256:0a994bea874fc9c47544169cd31bbc317c88690dfe1b6fa7548516e35fd7bca8,H_alpha_0.05,H_alpha,0.05,True,87,87,0,tie,True
directional_calibrated_domain,transition,2,20270710,2,1540354657,completed,0.05,0.9,1.0,4.5,30,90,120,0.1,8343922879,sha256:0a994bea874fc9c47544169cd31bbc317c88690dfe1b6fa7548516e35fd7bca8,H_alpha_0.10,H_alpha,0.1,True,87,87,0,tie,True
directional_calibrated_domain,transition,2,20270710,2,1540354657,completed,0.05,0.9,1.0,4.5,30,90,120,0.1,8343922879,sha256:0a994bea874fc9c47544169cd31bbc317c88690dfe1b6fa7548516e35fd7bca8,H_alpha_0.20,H_alpha,0.2,True,,87,,warning_censored,False
directional_calibrated_domain,transition,2,20270710,2,1540354657,completed,0.05,0.9,1.0,4.5,30,90,120,0.1,8343922879,sha256:0a994bea874fc9c47544169cd31bbc317c88690dfe1b6fa7548516e35fd7bca8,H_gamma_0.05,H_gamma,0.05,True,87,87,0,tie,True
directional_calibrated_domain,transition,2,20270710,2,1540354657,completed,0.05,0.9,1.0,4.5,30,90,120,0.1,8343922879,sha256:0a994bea874fc9c47544169cd31bbc317c88690dfe1b6fa7548516e35fd7bca8,H_gamma_0.10,H_gamma,0.1,True,,87,,warning_censored,False
directional_calibrated_domain,transition,2,20270710,2,1540354657,completed,0.05,0.9,1.0,4.5,30,90,120,0.1,8343922879,sha256:0a994bea874fc9c47544169cd31bbc317c88690dfe1b6fa7548516e35fd7bca8,H_gamma_0.20,H_gamma,0.2,True,,87,,warning_censored,False
directional_calibrated_domain,transition,3,20270710,3,1540354758,completed,0.05,0.9,1.0,4.5,30,90,120,0.1,8343922879,sha256:0a994bea874fc9c47544169cd31bbc317c88690dfe1b6fa7548516e35fd7bca8,H_alpha_0.05,H_alpha,0.05,True,,,,both_censored,False
directional_calibrated_domain,transition,3,20270710,3,1540354758,completed,0.05,0.9,1.0,4.5,30,90,120,0.1,8343922879,sha256:0a994bea874fc9c47544169cd31bbc317c88690dfe1b6fa7548516e35fd7bca8,H_alpha_0.10,H_alpha,0.1,True,,,,both_censored,False
directional_calibrated_domain,transition,3,20270710,3,1540354758,completed,0.05,0.9,1.0,4.5,30,90,120,0.1,8343922879,sha256:0a994bea874fc9c47544169cd31bbc317c88690dfe1b6fa7548516e35fd7bca8,H_alpha_0.20,H_alpha,0.2,True,,,,both_censored,False
directional_calibrated_domain,transition,3,20270710,3,1540354758,completed,0.05,0.9,1.0,4.5,30,90,120,0.1,8343922879,sha256:0a994bea874fc9c47544169cd31bbc317c88690dfe1b6fa7548516e35fd7bca8,H_gamma_0.05,H_gamma,0.05,True,,,,both_censored,False
directional_calibrated_domain,transition,3,20270710,3,1540354758,completed,0.05,0.9,1.0,4.5,30,90,120,0.1,8343922879,sha256:0a994bea874fc9c47544169cd31bbc317c88690dfe1b6fa7548516e35fd7bca8,H_gamma_0.10,H_gamma,0.1,True,,,,both_censored,False
directional_calibrated_domain,transition,3,20270710,3,1540354758,completed,0.05,0.9,1.0,4.5,30,90,120,0.1,8343922879,sha256:0a994bea874fc9c47544169cd31bbc317c88690dfe1b6fa7548516e35fd7bca8,H_gamma_0.20,H_gamma,0.2,True,,,,both_censored,False
directional_calibrated_domain,transition,4,20270710,4,1540354859,source_preparation_failed,0.05,0.9,1.0,4.5,30,90,120,0.1,8343922879,sha256:0a994bea874fc9c47544169cd31bbc317c88690dfe1b6fa7548516e35fd7bca8,H_alpha_0.05,H_alpha,0.05,False,,,,source_preparation_failed,False
directional_calibrated_domain,transition,4,20270710,4,1540354859,source_preparation_failed,0.05,0.9,1.0,4.5,30,90,120,0.1,8343922879,sha256:0a994bea874fc9c47544169cd31bbc317c88690dfe1b6fa7548516e35fd7bca8,H_alpha_0.10,H_alpha,0.1,False,,,,source_preparation_failed,False
directional_calibrated_domain,transition,4,20270710,4,1540354859,source_preparation_failed,0.05,0.9,1.0,4.5,30,90,120,0.1,8343922879,sha256:0a994bea874fc9c47544169cd31bbc317c88690dfe1b6fa7548516e35fd7bca8,H_alpha_0.20,H_alpha,0.2,False,,,,source_preparation_failed,False
directional_calibrated_domain,transition,4,20270710,4,1540354859,source_preparation_failed,0.05,0.9,1.0,4.5,30,90,120,0.1,8343922879,sha256:0a994bea874fc9c47544169cd31bbc317c88690dfe1b6fa7548516e35fd7bca8,H_gamma_0.05,H_gamma,0.05,False,,,,source_preparation_failed,False
directional_calibrated_domain,transition,4,20270710,4,1540354859,source_preparation_failed,0.05,0.9,1.0,4.5,30,90,120,0.1,8343922879,sha256:0a994bea874fc9c47544169cd31bbc317c88690dfe1b6fa7548516e35fd7bca8,H_gamma_0.10,H_gamma,0.1,False,,,,source_preparation_failed,False
directional_calibrated_domain,transition,4,20270710,4,1540354859,source_preparation_failed,0.05,0.9,1.0,4.5,30,90,120,0.1,8343922879,sha256:0a994bea874fc9c47544169cd31bbc317c88690dfe1b6fa7548516e35fd7bca8,H_gamma_0.20,H_gamma,0.2,False,,,,source_preparation_failed,False
directional_calibrated_domain,transition,5,20270710,5,1540354960,completed,0.05,0.9,1.0,4.5,30,90,120,0.1,8343922879,sha256:0a994bea874fc9c47544169cd31bbc317c88690dfe1b6fa7548516e35fd7bca8,H_alpha_0.05,H_alpha,0.05,True,2,106,104,lead,True
directional_calibrated_domain,transition,5,20270710,5,1540354960,completed,0.05,0.9,1.0,4.5,30,90,120,0.1,8343922879,sha256:0a994bea874fc9c47544169cd31bbc317c88690dfe1b6fa7548516e35fd7bca8,H_alpha_0.10,H_alpha,0.1,True,2,106,104,lead,True
directional_calibrated_domain,transition,5,20270710,5,1540354960,completed,0.05,0.9,1.0,4.5,30,90,120,0.1,8343922879,sha256:0a994bea874fc9c47544169cd31bbc317c88690dfe1b6fa7548516e35fd7bca8,H_alpha_0.20,H_alpha,0.2,True,2,106,104,lead,True
directional_calibrated_domain,transition,5,20270710,5,1540354960,completed,0.05,0.9,1.0,4.5,30,90,120,0.1,8343922879,sha256:0a994bea874fc9c47544169cd31bbc317c88690dfe1b6fa7548516e35fd7bca8,H_gamma_0.05,H_gamma,0.05,True,2,106,104,lead,True
directional_calibrated_domain,transition,5,20270710,5,1540354960,completed,0.05,0.9,1.0,4.5,30,90,120,0.1,8343922879,sha256:0a994bea874fc9c47544169cd31bbc317c88690dfe1b6fa7548516e35fd7bca8,H_gamma_0.10,H_gamma,0.1,True,2,106,104,lead,True
directional_calibrated_domain,transition,5,20270710,5,1540354960,completed,0.05,0.9,1.0,4.5,30,90,120,0.1,8343922879,sha256:0a994bea874fc9c47544169cd31bbc317c88690dfe1b6fa7548516e35fd7bca8,H_gamma_0.20,H_gamma,0.2,True,2,106,104,lead,True
directional_calibrated_domain,transition,6,20270710,6,1540355061,source_preparation_failed,0.05,0.9,1.0,4.5,30,90,120,0.1,8343922879,sha256:0a994bea874fc9c47544169cd31bbc317c88690dfe1b6fa7548516e35fd7bca8,H_alpha_0.05,H_alpha,0.05,False,,,,source_preparation_failed,False
directional_calibrated_domain,transition,6,20270710,6,1540355061,source_preparation_failed,0.05,0.9,1.0,4.5,30,90,120,0.1,8343922879,sha256:0a994bea874fc9c47544169cd31bbc317c88690dfe1b6fa7548516e35fd7bca8,H_alpha_0.10,H_alpha,0.1,False,,,,source_preparation_failed,False
directional_calibrated_domain,transition,6,20270710,6,1540355061,source_preparation_failed,0.05,0.9,1.0,4.5,30,90,120,0.1,8343922879,sha256:0a994bea874fc9c47544169cd31bbc317c88690dfe1b6fa7548516e35fd7bca8,H_alpha_0.20,H_alpha,0.2,False,,,,source_preparation_failed,False
directional_calibrated_domain,transition,6,20270710,6,1540355061,source_preparation_failed,0.05,0.9,1.0,4.5,30,90,120,0.1,8343922879,sha256:0a994bea874fc9c47544169cd31bbc317c88690dfe1b6fa7548516e35fd7bca8,H_gamma_0.05,H_gamma,0.05,False,,,,source_preparation_failed,False
directional_calibrated_domain,transition,6,20270710,6,1540355061,source_preparation_failed,0.05,0.9,1.0,4.5,30,90,120,0.1,8343922879,sha256:0a994bea874fc9c47544169cd31bbc317c88690dfe1b6fa7548516e35fd7bca8,H_gamma_0.10,H_gamma,0.1,False,,,,source_preparation_failed,False
directional_calibrated_domain,transition,6,20270710,6,1540355061,source_preparation_failed,0.05,0.9,1.0,4.5,30,90,120,0.1,8343922879,sha256:0a994bea874fc9c47544169cd31bbc317c88690dfe1b6fa7548516e35fd7bca8,H_gamma_0.20,H_gamma,0.2,False,,,,source_preparation_failed,False
directional_calibrated_domain,transition,7,20270710,7,1540355162,completed,0.05,0.9,1.0,4.5,30,90,120,0.1,8343922879,sha256:0a994bea874fc9c47544169cd31bbc317c88690dfe1b6fa7548516e35fd7bca8,H_alpha_0.05,H_alpha,0.05,False,,,,baseline_ineligible,False
directional_calibrated_domain,transition,7,20270710,7,1540355162,completed,0.05,0.9,1.0,4.5,30,90,120,0.1,8343922879,sha256:0a994bea874fc9c47544169cd31bbc317c88690dfe1b6fa7548516e35fd7bca8,H_alpha_0.10,H_alpha,0.1,False,,,,baseline_ineligible,False
directional_calibrated_domain,transition,7,20270710,7,1540355162,completed,0.05,0.9,1.0,4.5,30,90,120,0.1,8343922879,sha256:0a994bea874fc9c47544169cd31bbc317c88690dfe1b6fa7548516e35fd7bca8,H_alpha_0.20,H_alpha,0.2,False,,,,baseline_ineligible,False
directional_calibrated_domain,transition,7,20270710,7,1540355162,completed,0.05,0.9,1.0,4.5,30,90,120,0.1,8343922879,sha256:0a994bea874fc9c47544169cd31bbc317c88690dfe1b6fa7548516e35fd7bca8,H_gamma_0.05,H_gamma,0.05,False,,,,baseline_ineligible,False
directional_calibrated_domain,transition,7,20270710,7,1540355162,completed,0.05,0.9,1.0,4.5,30,90,120,0.1,8343922879,sha256:0a994bea874fc9c47544169cd31bbc317c88690dfe1b6fa7548516e35fd7bca8,H_gamma_0.10,H_gamma,0.1,False,,,,baseline_ineligible,False
directional_calibrated_domain,transition,7,20270710,7,1540355162,completed,0.05,0.9,1.0,4.5,30,90,120,0.1,8343922879,sha256:0a994bea874fc9c47544169cd31bbc317c88690dfe1b6fa7548516e35fd7bca8,H_gamma_0.20,H_gamma,0.2,False,,,,baseline_ineligible,False
directional_calibrated_domain,transition,8,20270710,8,1540355263,completed,0.05,0.9,1.0,4.5,30,90,120,0.1,8343922879,sha256:0a994bea874fc9c47544169cd31bbc317c88690dfe1b6fa7548516e35fd7bca8,H_alpha_0.05,H_alpha,0.05,True,,89,,warning_censored,False
directional_calibrated_domain,transition,8,20270710,8,1540355263,completed,0.05,0.9,1.0,4.5,30,90,120,0.1,8343922879,sha256:0a994bea874fc9c47544169cd31bbc317c88690dfe1b6fa7548516e35fd7bca8,H_alpha_0.10,H_alpha,0.1,True,,89,,warning_censored,False
directional_calibrated_domain,transition,8,20270710,8,1540355263,completed,0.05,0.9,1.0,4.5,30,90,120,0.1,8343922879,sha256:0a994bea874fc9c47544169cd31bbc317c88690dfe1b6fa7548516e35fd7bca8,H_alpha_0.20,H_alpha,0.2,True,,89,,warning_censored,False
directional_calibrated_domain,transition,8,20270710,8,1540355263,completed,0.05,0.9,1.0,4.5,30,90,120,0.1,8343922879,sha256:0a994bea874fc9c47544169cd31bbc317c88690dfe1b6fa7548516e35fd7bca8,H_gamma_0.05,H_gamma,0.05,True,,89,,warning_censored,False
directional_calibrated_domain,transition,8,20270710,8,1540355263,completed,0.05,0.9,1.0,4.5,30,90,120,0.1,8343922879,sha256:0a994bea874fc9c47544169cd31bbc317c88690dfe1b6fa7548516e35fd7bca8,H_gamma_0.10,H_gamma,0.1,True,,89,,warning_censored,False
directional_calibrated_domain,transition,8,20270710,8,1540355263,completed,0.05,0.9,1.0,4.5,30,90,120,0.1,8343922879,sha256:0a994bea874fc9c47544169cd31bbc317c88690dfe1b6fa7548516e35fd7bca8,H_gamma_0.20,H_gamma,0.2,True,,89,,warning_censored,False
directional_calibrated_domain,transition,9,20270710,9,1540355364,completed,0.05,0.9,1.0,4.5,30,90,120,0.1,8343922879,sha256:0a994bea874fc9c47544169cd31bbc317c88690dfe1b6fa7548516e35fd7bca8,H_alpha_0.05,H_alpha,0.05,True,1,71,70,lead,True
directional_calibrated_domain,transition,9,20270710,9,1540355364,completed,0.05,0.9,1.0,4.5,30,90,120,0.1,8343922879,sha256:0a994bea874fc9c47544169cd31bbc317c88690dfe1b6fa7548516e35fd7bca8,H_alpha_0.10,H_alpha,0.1,True,1,71,70,lead,True
directional_calibrated_domain,transition,9,20270710,9,1540355364,completed,0.05,0.9,1.0,4.5,30,90,120,0.1,8343922879,sha256:0a994bea874fc9c47544169cd31bbc317c88690dfe1b6fa7548516e35fd7bca8,H_alpha_0.20,H_alpha,0.2,True,1,71,70,lead,True
directional_calibrated_domain,transition,9,20270710,9,1540355364,completed,0.05,0.9,1.0,4.5,30,90,120,0.1,8343922879,sha256:0a994bea874fc9c47544169cd31bbc317c88690dfe1b6fa7548516e35fd7bca8,H_gamma_0.05,H_gamma,0.05,True,1,71,70,lead,True
directional_calibrated_domain,transition,9,20270710,9,1540355364,completed,0.05,0.9,1.0,4.5,30,90,120,0.1,8343922879,sha256:0a994bea874fc9c47544169cd31bbc317c88690dfe1b6fa7548516e35fd7bca8,H_gamma_0.10,H_gamma,0.1,True,1,71,70,lead,True
directional_calibrated_domain,transition,9,20270710,9,1540355364,completed,0.05,0.9,1.0,4.5,30,90,120,0.1,8343922879,sha256:0a994bea874fc9c47544169cd31bbc317c88690dfe1b6fa7548516e35fd7bca8,H_gamma_0.20,H_gamma,0.2,True,1,71,70,lead,True
directional_calibrated_domain,transition,10,20270710,10,1540355465,completed,0.05,0.9,1.0,4.5,30,90,120,0.1,8343922879,sha256:0a994bea874fc9c47544169cd31bbc317c88690dfe1b6fa7548516e35fd7bca8,H_alpha_0.05,H_alpha,0.05,True,1,61,60,lead,True
directional_calibrated_domain,transition,10,20270710,10,1540355465,completed,0.05,0.9,1.0,4.5,30,90,120,0.1,8343922879,sha256:0a994bea874fc9c47544169cd31bbc317c88690dfe1b6fa7548516e35fd7bca8,H_alpha_0.10,H_alpha,0.1,True,1,61,60,lead,True
directional_calibrated_domain,transition,10,20270710,10,1540355465,completed,0.05,0.9,1.0,4.5,30,90,120,0.1,8343922879,sha256:0a994bea874fc9c47544169cd31bbc317c88690dfe1b6fa7548516e35fd7bca8,H_alpha_0.20,H_alpha,0.2,True,1,61,60,lead,True
directional_calibrated_domain,transition,10,20270710,10,1540355465,completed,0.05,0.9,1.0,4.5,30,90,120,0.1,8343922879,sha256:0a994bea874fc9c47544169cd31bbc317c88690dfe1b6fa7548516e35fd7bca8,H_gamma_0.05,H_gamma,0.05,True,1,61,60,lead,True
directional_calibrated_domain,transition,10,20270710,10,1540355465,completed,0.05,0.9,1.0,4.5,30,90,120,0.1,8343922879,sha256:0a994bea874fc9c47544169cd31bbc317c88690dfe1b6fa7548516e35fd7bca8,H_gamma_0.10,H_gamma,0.1,True,1,61,60,lead,True
directional_calibrated_domain,transition,10,20270710,10,1540355465,completed,0.05,0.9,1.0,4.5,30,90,120,0.1,8343922879,sha256:0a994bea874fc9c47544169cd31bbc317c88690dfe1b6fa7548516e35fd7bca8,H_gamma_0.20,H_gamma,0.2,True,1,61,60,lead,True
directional_calibrated_domain,transition,11,20270710,11,1540355566,completed,0.05,0.9,1.0,4.5,30,90,120,0.1,8343922879,sha256:0a994bea874fc9c47544169cd31bbc317c88690dfe1b6fa7548516e35fd7bca8,H_alpha_0.05,H_alpha,0.05,True,87,72,-15,lag,True
directional_calibrated_domain,transition,11,20270710,11,1540355566,completed,0.05,0.9,1.0,4.5,30,90,120,0.1,8343922879,sha256:0a994bea874fc9c47544169cd31bbc317c88690dfe1b6fa7548516e35fd7bca8,H_alpha_0.10,H_alpha,0.1,True,87,72,-15,lag,True
directional_calibrated_domain,transition,11,20270710,11,1540355566,completed,0.05,0.9,1.0,4.5,30,90,120,0.1,8343922879,sha256:0a994bea874fc9c47544169cd31bbc317c88690dfe1b6fa7548516e35fd7bca8,H_alpha_0.20,H_alpha,0.2,True,,72,,warning_censored,False
directional_calibrated_domain,transition,11,20270710,11,1540355566,completed,0.05,0.9,1.0,4.5,30,90,120,0.1,8343922879,sha256:0a994bea874fc9c47544169cd31bbc317c88690dfe1b6fa7548516e35fd7bca8,H_gamma_0.05,H_gamma,0.05,True,,72,,warning_censored,False
directional_calibrated_domain,transition,11,20270710,11,1540355566,completed,0.05,0.9,1.0,4.5,30,90,120,0.1,8343922879,sha256:0a994bea874fc9c47544169cd31bbc317c88690dfe1b6fa7548516e35fd7bca8,H_gamma_0.10,H_gamma,0.1,True,,72,,warning_censored,False
directional_calibrated_domain,transition,11,20270710,11,1540355566,completed,0.05,0.9,1.0,4.5,30,90,120,0.1,8343922879,sha256:0a994bea874fc9c47544169cd31bbc317c88690dfe1b6fa7548516e35fd7bca8,H_gamma_0.20,H_gamma,0.2,True,,72,,warning_censored,False
directional_calibrated_domain,transition,12,20270710,12,1540355667,source_preparation_failed,0.05,0.9,1.0,4.5,30,90,120,0.1,8343922879,sha256:0a994bea874fc9c47544169cd31bbc317c88690dfe1b6fa7548516e35fd7bca8,H_alpha_0.05,H_alpha,0.05,False,,,,source_preparation_failed,False
directional_calibrated_domain,transition,12,20270710,12,1540355667,source_preparation_failed,0.05,0.9,1.0,4.5,30,90,120,0.1,8343922879,sha256:0a994bea874fc9c47544169cd31bbc317c88690dfe1b6fa7548516e35fd7bca8,H_alpha_0.10,H_alpha,0.1,False,,,,source_preparation_failed,False
directional_calibrated_domain,transition,12,20270710,12,1540355667,source_preparation_failed,0.05,0.9,1.0,4.5,30,90,120,0.1,8343922879,sha256:0a994bea874fc9c47544169cd31bbc317c88690dfe1b6fa7548516e35fd7bca8,H_alpha_0.20,H_alpha,0.2,False,,,,source_preparation_failed,False
directional_calibrated_domain,transition,12,20270710,12,1540355667,source_preparation_failed,0.05,0.9,1.0,4.5,30,90,120,0.1,8343922879,sha256:0a994bea874fc9c47544169cd31bbc317c88690dfe1b6fa7548516e35fd7bca8,H_gamma_0.05,H_gamma,0.05,False,,,,source_preparation_failed,False
directional_calibrated_domain,transition,12,20270710,12,1540355667,source_preparation_failed,0.05,0.9,1.0,4.5,30,90,120,0.1,8343922879,sha256:0a994bea874fc9c47544169cd31bbc317c88690dfe1b6fa7548516e35fd7bca8,H_gamma_0.10,H_gamma,0.1,False,,,,source_preparation_failed,False
directional_calibrated_domain,transition,12,20270710,12,1540355667,source_preparation_failed,0.05,0.9,1.0,4.5,30,90,120,0.1,8343922879,sha256:0a994bea874fc9c47544169cd31bbc317c88690dfe1b6fa7548516e35fd7bca8,H_gamma_0.20,H_gamma,0.2,False,,,,source_preparation_failed,False
directional_calibrated_domain,transition,13,20270710,13,1540355768,completed,0.05,0.9,1.0,4.5,30,90,120,0.1,8343922879,sha256:0a994bea874fc9c47544169cd31bbc317c88690dfe1b6fa7548516e35fd7bca8,H_alpha_0.05,H_alpha,0.05,True,2,,,trait_loss_censored,False
directional_calibrated_domain,transition,13,20270710,13,1540355768,completed,0.05,0.9,1.0,4.5,30,90,120,0.1,8343922879,sha256:0a994bea874fc9c47544169cd31bbc317c88690dfe1b6fa7548516e35fd7bca8,H_alpha_0.10,H_alpha,0.1,True,2,,,trait_loss_censored,False
directional_calibrated_domain,transition,13,20270710,13,1540355768,completed,0.05,0.9,1.0,4.5,30,90,120,0.1,8343922879,sha256:0a994bea874fc9c47544169cd31bbc317c88690dfe1b6fa7548516e35fd7bca8,H_alpha_0.20,H_alpha,0.2,True,2,,,trait_loss_censored,False
directional_calibrated_domain,transition,13,20270710,13,1540355768,completed,0.05,0.9,1.0,4.5,30,90,120,0.1,8343922879,sha256:0a994bea874fc9c47544169cd31bbc317c88690dfe1b6fa7548516e35fd7bca8,H_gamma_0.05,H_gamma,0.05,True,2,,,trait_loss_censored,False
directional_calibrated_domain,transition,13,20270710,13,1540355768,completed,0.05,0.9,1.0,4.5,30,90,120,0.1,8343922879,sha256:0a994bea874fc9c47544169cd31bbc317c88690dfe1b6fa7548516e35fd7bca8,H_gamma_0.10,H_gamma,0.1,True,2,,,trait_loss_censored,False
directional_calibrated_domain,transition,13,20270710,13,1540355768,completed,0.05,0.9,1.0,4.5,30,90,120,0.1,8343922879,sha256:0a994bea874fc9c47544169cd31bbc317c88690dfe1b6fa7548516e35fd7bca8,H_gamma_0.20,H_gamma,0.2,True,2,,,trait_loss_censored,False
directional_calibrated_domain,transition,14,20270710,14,1540355869,source_preparation_failed,0.05,0.9,1.0,4.5,30,90,120,0.1,8343922879,sha256:0a994bea874fc9c47544169cd31bbc317c88690dfe1b6fa7548516e35fd7bca8,H_alpha_0.05,H_alpha,0.05,False,,,,source_preparation_failed,False
directional_calibrated_domain,transition,14,20270710,14,1540355869,source_preparation_failed,0.05,0.9,1.0,4.5,30,90,120,0.1,8343922879,sha256:0a994bea874fc9c47544169cd31bbc317c88690dfe1b6fa7548516e35fd7bca8,H_alpha_0.10,H_alpha,0.1,False,,,,source_preparation_failed,False
directional_calibrated_domain,transition,14,20270710,14,1540355869,source_preparation_failed,0.05,0.9,1.0,4.5,30,90,120,0.1,8343922879,sha256:0a994bea874fc9c47544169cd31bbc317c88690dfe1b6fa7548516e35fd7bca8,H_alpha_0.20,H_alpha,0.2,False,,,,source_preparation_failed,False
directional_calibrated_domain,transition,14,20270710,14,1540355869,source_preparation_failed,0.05,0.9,1.0,4.5,30,90,120,0.1,8343922879,sha256:0a994bea874fc9c47544169cd31bbc317c88690dfe1b6fa7548516e35fd7bca8,H_gamma_0.05,H_gamma,0.05,False,,,,source_preparation_failed,False
directional_calibrated_domain,transition,14,20270710,14,1540355869,source_preparation_failed,0.05,0.9,1.0,4.5,30,90,120,0.1,8343922879,sha256:0a994bea874fc9c47544169cd31bbc317c88690dfe1b6fa7548516e35fd7bca8,H_gamma_0.10,H_gamma,0.1,False,,,,source_preparation_failed,False
directional_calibrated_domain,transition,14,20270710,14,1540355869,source_preparation_failed,0.05,0.9,1.0,4.5,30,90,120,0.1,8343922879,sha256:0a994bea874fc9c47544169cd31bbc317c88690dfe1b6fa7548516e35fd7bca8,H_gamma_0.20,H_gamma,0.2,False,,,,source_preparation_failed,False
directional_calibrated_domain,transition,15,20270710,15,1540355970,completed,0.05,0.9,1.0,4.5,30,90,120,0.1,8343922879,sha256:0a994bea874fc9c47544169cd31bbc317c88690dfe1b6fa7548516e35fd7bca8,H_alpha_0.05,H_alpha,0.05,True,4,73,69,lead,True
directional_calibrated_domain,transition,15,20270710,15,1540355970,completed,0.05,0.9,1.0,4.5,30,90,120,0.1,8343922879,sha256:0a994bea874fc9c47544169cd31bbc317c88690dfe1b6fa7548516e35fd7bca8,H_alpha_0.10,H_alpha,0.1,True,4,73,69,lead,True
directional_calibrated_domain,transition,15,20270710,15,1540355970,completed,0.05,0.9,1.0,4.5,30,90,120,0.1,8343922879,sha256:0a994bea874fc9c47544169cd31bbc317c88690dfe1b6fa7548516e35fd7bca8,H_alpha_0.20,H_alpha,0.2,True,15,73,58,lead,True
directional_calibrated_domain,transition,15,20270710,15,1540355970,completed,0.05,0.9,1.0,4.5,30,90,120,0.1,8343922879,sha256:0a994bea874fc9c47544169cd31bbc317c88690dfe1b6fa7548516e35fd7bca8,H_gamma_0.05,H_gamma,0.05,True,4,73,69,lead,True
directional_calibrated_domain,transition,15,20270710,15,1540355970,completed,0.05,0.9,1.0,4.5,30,90,120,0.1,8343922879,sha256:0a994bea874fc9c47544169cd31bbc317c88690dfe1b6fa7548516e35fd7bca8,H_gamma_0.10,H_gamma,0.1,True,4,73,69,lead,True
directional_calibrated_domain,transition,15,20270710,15,1540355970,completed,0.05,0.9,1.0,4.5,30,90,120,0.1,8343922879,sha256:0a994bea874fc9c47544169cd31bbc317c88690dfe1b6fa7548516e35fd7bca8,H_gamma_0.20,H_gamma,0.2,True,15,73,58,lead,True
directional_calibrated_domain,transition,16,20270710,16,1540356071,completed,0.05,0.9,1.0,4.5,30,90,120,0.1,8343922879,sha256:0a994bea874fc9c47544169cd31bbc317c88690dfe1b6fa7548516e35fd7bca8,H_alpha_0.05,H_alpha,0.05,True,1,115,114,lead,True
directional_calibrated_domain,transition,16,20270710,16,1540356071,completed,0.05,0.9,1.0,4.5,30,90,120,0.1,8343922879,sha256:0a994bea874fc9c47544169cd31bbc317c88690dfe1b6fa7548516e35fd7bca8,H_alpha_0.10,H_alpha,0.1,True,1,115,114,lead,True
directional_calibrated_domain,transition,16,20270710,16,1540356071,completed,0.05,0.9,1.0,4.5,30,90,120,0.1,8343922879,sha256:0a994bea874fc9c47544169cd31bbc317c88690dfe1b6fa7548516e35fd7bca8,H_alpha_0.20,H_alpha,0.2,True,2,115,113,lead,True
directional_calibrated_domain,transition,16,20270710,16,1540356071,completed,0.05,0.9,1.0,4.5,30,90,120,0.1,8343922879,sha256:0a994bea874fc9c47544169cd31bbc317c88690dfe1b6fa7548516e35fd7bca8,H_gamma_0.05,H_gamma,0.05,True,1,115,114,lead,True
directional_calibrated_domain,transition,16,20270710,16,1540356071,completed,0.05,0.9,1.0,4.5,30,90,120,0.1,8343922879,sha256:0a994bea874fc9c47544169cd31bbc317c88690dfe1b6fa7548516e35fd7bca8,H_gamma_0.10,H_gamma,0.1,True,1,115,114,lead,True
directional_calibrated_domain,transition,16,20270710,16,1540356071,completed,0.05,0.9,1.0,4.5,30,90,120,0.1,8343922879,sha256:0a994bea874fc9c47544169cd31bbc317c88690dfe1b6fa7548516e35fd7bca8,H_gamma_0.20,H_gamma,0.2,True,2,115,113,lead,True
directional_calibrated_domain,transition,17,20270710,17,1540356172,completed,0.05,0.9,1.0,4.5,30,90,120,0.1,8343922879,sha256:0a994bea874fc9c47544169cd31bbc317c88690dfe1b6fa7548516e35fd7bca8,H_alpha_0.05,H_alpha,0.05,False,,,,baseline_ineligible,False
directional_calibrated_domain,transition,17,20270710,17,1540356172,completed,0.05,0.9,1.0,4.5,30,90,120,0.1,8343922879,sha256:0a994bea874fc9c47544169cd31bbc317c88690dfe1b6fa7548516e35fd7bca8,H_alpha_0.10,H_alpha,0.1,False,,,,baseline_ineligible,False
directional_calibrated_domain,transition,17,20270710,17,1540356172,completed,0.05,0.9,1.0,4.5,30,90,120,0.1,8343922879,sha256:0a994bea874fc9c47544169cd31bbc317c88690dfe1b6fa7548516e35fd7bca8,H_alpha_0.20,H_alpha,0.2,False,,,,baseline_ineligible,False
directional_calibrated_domain,transition,17,20270710,17,1540356172,completed,0.05,0.9,1.0,4.5,30,90,120,0.1,8343922879,sha256:0a994bea874fc9c47544169cd31bbc317c88690dfe1b6fa7548516e35fd7bca8,H_gamma_0.05,H_gamma,0.05,False,,,,baseline_ineligible,False
directional_calibrated_domain,transition,17,20270710,17,1540356172,completed,0.05,0.9,1.0,4.5,30,90,120,0.1,8343922879,sha256:0a994bea874fc9c47544169cd31bbc317c88690dfe1b6fa7548516e35fd7bca8,H_gamma_0.10,H_gamma,0.1,False,,,,baseline_ineligible,False
directional_calibrated_domain,transition,17,20270710,17,1540356172,completed,0.05,0.9,1.0,4.5,30,90,120,0.1,8343922879,sha256:0a994bea874fc9c47544169cd31bbc317c88690dfe1b6fa7548516e35fd7bca8,H_gamma_0.20,H_gamma,0.2,False,,,,baseline_ineligible,False
directional_calibrated_domain,transition,18,20270710,18,1540356273,completed,0.05,0.9,1.0,4.5,30,90,120,0.1,8343922879,sha256:0a994bea874fc9c47544169cd31bbc317c88690dfe1b6fa7548516e35fd7bca8,H_alpha_0.05,H_alpha,0.05,True,3,,,trait_loss_censored,False
directional_calibrated_domain,transition,18,20270710,18,1540356273,completed,0.05,0.9,1.0,4.5,30,90,120,0.1,8343922879,sha256:0a994bea874fc9c47544169cd31bbc317c88690dfe1b6fa7548516e35fd7bca8,H_alpha_0.10,H_alpha,0.1,True,3,,,trait_loss_censored,False
directional_calibrated_domain,transition,18,20270710,18,1540356273,completed,0.05,0.9,1.0,4.5,30,90,120,0.1,8343922879,sha256:0a994bea874fc9c47544169cd31bbc317c88690dfe1b6fa7548516e35fd7bca8,H_alpha_0.20,H_alpha,0.2,True,3,,,trait_loss_censored,False
directional_calibrated_domain,transition,18,20270710,18,1540356273,completed,0.05,0.9,1.0,4.5,30,90,120,0.1,8343922879,sha256:0a994bea874fc9c47544169cd31bbc317c88690dfe1b6fa7548516e35fd7bca8,H_gamma_0.05,H_gamma,0.05,True,3,,,trait_loss_censored,False
directional_calibrated_domain,transition,18,20270710,18,1540356273,completed,0.05,0.9,1.0,4.5,30,90,120,0.1,8343922879,sha256:0a994bea874fc9c47544169cd31bbc317c88690dfe1b6fa7548516e35fd7bca8,H_gamma_0.10,H_gamma,0.1,True,3,,,trait_loss_censored,False
directional_calibrated_domain,transition,18,20270710,18,1540356273,completed,0.05,0.9,1.0,4.5,30,90,120,0.1,8343922879,sha256:0a994bea874fc9c47544169cd31bbc317c88690dfe1b6fa7548516e35fd7bca8,H_gamma_0.20,H_gamma,0.2,True,3,,,trait_loss_censored,False
directional_calibrated_domain,transition,19,20270710,19,1540356374,completed,0.05,0.9,1.0,4.5,30,90,120,0.1,8343922879,sha256:0a994bea874fc9c47544169cd31bbc317c88690dfe1b6fa7548516e35fd7bca8,H_alpha_0.05,H_alpha,0.05,True,,78,,warning_censored,False
directional_calibrated_domain,transition,19,20270710,19,1540356374,completed,0.05,0.9,1.0,4.5,30,90,120,0.1,8343922879,sha256:0a994bea874fc9c47544169cd31bbc317c88690dfe1b6fa7548516e35fd7bca8,H_alpha_0.10,H_alpha,0.1,True,,78,,warning_censored,False
directional_calibrated_domain,transition,19,20270710,19,1540356374,completed,0.05,0.9,1.0,4.5,30,90,120,0.1,8343922879,sha256:0a994bea874fc9c47544169cd31bbc317c88690dfe1b6fa7548516e35fd7bca8,H_alpha_0.20,H_alpha,0.2,True,,78,,warning_censored,False
directional_calibrated_domain,transition,19,20270710,19,1540356374,completed,0.05,0.9,1.0,4.5,30,90,120,0.1,8343922879,sha256:0a994bea874fc9c47544169cd31bbc317c88690dfe1b6fa7548516e35fd7bca8,H_gamma_0.05,H_gamma,0.05,True,,78,,warning_censored,False
directional_calibrated_domain,transition,19,20270710,19,1540356374,completed,0.05,0.9,1.0,4.5,30,90,120,0.1,8343922879,sha256:0a994bea874fc9c47544169cd31bbc317c88690dfe1b6fa7548516e35fd7bca8,H_gamma_0.10,H_gamma,0.1,True,,78,,warning_censored,False
directional_calibrated_domain,transition,19,20270710,19,1540356374,completed,0.05,0.9,1.0,4.5,30,90,120,0.1,8343922879,sha256:0a994bea874fc9c47544169cd31bbc317c88690dfe1b6fa7548516e35fd7bca8,H_gamma_0.20,H_gamma,0.2,True,,78,,warning_censored,False
directional_calibrated_domain,transition,20,20270711,0,818974962,completed,0.05,0.9,1.0,4.5,30,90,120,0.1,8343922879,sha256:0a994bea874fc9c47544169cd31bbc317c88690dfe1b6fa7548516e35fd7bca8,H_alpha_0.05,H_alpha,0.05,False,,,,baseline_ineligible,False
directional_calibrated_domain,transition,20,20270711,0,818974962,completed,0.05,0.9,1.0,4.5,30,90,120,0.1,8343922879,sha256:0a994bea874fc9c47544169cd31bbc317c88690dfe1b6fa7548516e35fd7bca8,H_alpha_0.10,H_alpha,0.1,False,,,,baseline_ineligible,False
directional_calibrated_domain,transition,20,20270711,0,818974962,completed,0.05,0.9,1.0,4.5,30,90,120,0.1,8343922879,sha256:0a994bea874fc9c47544169cd31bbc317c88690dfe1b6fa7548516e35fd7bca8,H_alpha_0.20,H_alpha,0.2,False,,,,baseline_ineligible,False
directional_calibrated_domain,transition,20,20270711,0,818974962,completed,0.05,0.9,1.0,4.5,30,90,120,0.1,8343922879,sha256:0a994bea874fc9c47544169cd31bbc317c88690dfe1b6fa7548516e35fd7bca8,H_gamma_0.05,H_gamma,0.05,False,,,,baseline_ineligible,False
directional_calibrated_domain,transition,20,20270711,0,818974962,completed,0.05,0.9,1.0,4.5,30,90,120,0.1,8343922879,sha256:0a994bea874fc9c47544169cd31bbc317c88690dfe1b6fa7548516e35fd7bca8,H_gamma_0.10,H_gamma,0.1,False,,,,baseline_ineligible,False
directional_calibrated_domain,transition,20,20270711,0,818974962,completed,0.05,0.9,1.0,4.5,30,90,120,0.1,8343922879,sha256:0a994bea874fc9c47544169cd31bbc317c88690dfe1b6fa7548516e35fd7bca8,H_gamma_0.20,H_gamma,0.2,False,,,,baseline_ineligible,False
directional_calibrated_domain,transition,21,20270711,1,818975063,completed,0.05,0.9,1.0,4.5,30,90,120,0.1,8343922879,sha256:0a994bea874fc9c47544169cd31bbc317c88690dfe1b6fa7548516e35fd7bca8,H_alpha_0.05,H_alpha,0.05,True,25,,,trait_loss_censored,False
directional_calibrated_domain,transition,21,20270711,1,818975063,completed,0.05,0.9,1.0,4.5,30,90,120,0.1,8343922879,sha256:0a994bea874fc9c47544169cd31bbc317c88690dfe1b6fa7548516e35fd7bca8,H_alpha_0.10,H_alpha,0.1,True,25,,,trait_loss_censored,False
directional_calibrated_domain,transition,21,20270711,1,818975063,completed,0.05,0.9,1.0,4.5,30,90,120,0.1,8343922879,sha256:0a994bea874fc9c47544169cd31bbc317c88690dfe1b6fa7548516e35fd7bca8,H_alpha_0.20,H_alpha,0.2,True,,,,both_censored,False
directional_calibrated_domain,transition,21,20270711,1,818975063,completed,0.05,0.9,1.0,4.5,30,90,120,0.1,8343922879,sha256:0a994bea874fc9c47544169cd31bbc317c88690dfe1b6fa7548516e35fd7bca8,H_gamma_0.05,H_gamma,0.05,True,,,,both_censored,False
directional_calibrated_domain,transition,21,20270711,1,818975063,completed,0.05,0.9,1.0,4.5,30,90,120,0.1,8343922879,sha256:0a994bea874fc9c47544169cd31bbc317c88690dfe1b6fa7548516e35fd7bca8,H_gamma_0.10,H_gamma,0.1,True,,,,both_censored,False
directional_calibrated_domain,transition,21,20270711,1,818975063,completed,0.05,0.9,1.0,4.5,30,90,120,0.1,8343922879,sha256:0a994bea874fc9c47544169cd31bbc317c88690dfe1b6fa7548516e35fd7bca8,H_gamma_0.20,H_gamma,0.2,True,,,,both_censored,False
directional_calibrated_domain,transition,22,20270711,2,818975164,completed,0.05,0.9,1.0,4.5,30,90,120,0.1,8343922879,sha256:0a994bea874fc9c47544169cd31bbc317c88690dfe1b6fa7548516e35fd7bca8,H_alpha_0.05,H_alpha,0.05,True,4,93,89,lead,True
directional_calibrated_domain,transition,22,20270711,2,818975164,completed,0.05,0.9,1.0,4.5,30,90,120,0.1,8343922879,sha256:0a994bea874fc9c47544169cd31bbc317c88690dfe1b6fa7548516e35fd7bca8,H_alpha_0.10,H_alpha,0.1,True,4,93,89,lead,True
directional_calibrated_domain,transition,22,20270711,2,818975164,completed,0.05,0.9,1.0,4.5,30,90,120,0.1,8343922879,sha256:0a994bea874fc9c47544169cd31bbc317c88690dfe1b6fa7548516e35fd7bca8,H_alpha_0.20,H_alpha,0.2,True,4,93,89,lead,True
directional_calibrated_domain,transition,22,20270711,2,818975164,completed,0.05,0.9,1.0,4.5,30,90,120,0.1,8343922879,sha256:0a994bea874fc9c47544169cd31bbc317c88690dfe1b6fa7548516e35fd7bca8,H_gamma_0.05,H_gamma,0.05,True,4,93,89,lead,True
directional_calibrated_domain,transition,22,20270711,2,818975164,completed,0.05,0.9,1.0,4.5,30,90,120,0.1,8343922879,sha256:0a994bea874fc9c47544169cd31bbc317c88690dfe1b6fa7548516e35fd7bca8,H_gamma_0.10,H_gamma,0.1,True,4,93,89,lead,True
directional_calibrated_domain,transition,22,20270711,2,818975164,completed,0.05,0.9,1.0,4.5,30,90,120,0.1,8343922879,sha256:0a994bea874fc9c47544169cd31bbc317c88690dfe1b6fa7548516e35fd7bca8,H_gamma_0.20,H_gamma,0.2,True,4,93,89,lead,True
directional_calibrated_domain,transition,23,20270711,3,818975265,completed,0.05,0.9,1.0,4.5,30,90,120,0.1,8343922879,sha256:0a994bea874fc9c47544169cd31bbc317c88690dfe1b6fa7548516e35fd7bca8,H_alpha_0.05,H_alpha,0.05,True,,,,both_censored,False
directional_calibrated_domain,transition,23,20270711,3,818975265,completed,0.05,0.9,1.0,4.5,30,90,120,0.1,8343922879,sha256:0a994bea874fc9c47544169cd31bbc317c88690dfe1b6fa7548516e35fd7bca8,H_alpha_0.10,H_alpha,0.1,True,,,,both_censored,False
directional_calibrated_domain,transition,23,20270711,3,818975265,completed,0.05,0.9,1.0,4.5,30,90,120,0.1,8343922879,sha256:0a994bea874fc9c47544169cd31bbc317c88690dfe1b6fa7548516e35fd7bca8,H_alpha_0.20,H_alpha,0.2,True,,,,both_censored,False
directional_calibrated_domain,transition,23,20270711,3,818975265,completed,0.05,0.9,1.0,4.5,30,90,120,0.1,8343922879,sha256:0a994bea874fc9c47544169cd31bbc317c88690dfe1b6fa7548516e35fd7bca8,H_gamma_0.05,H_gamma,0.05,True,,,,both_censored,False
directional_calibrated_domain,transition,23,20270711,3,818975265,completed,0.05,0.9,1.0,4.5,30,90,120,0.1,8343922879,sha256:0a994bea874fc9c47544169cd31bbc317c88690dfe1b6fa7548516e35fd7bca8,H_gamma_0.10,H_gamma,0.1,True,,,,both_censored,False
directional_calibrated_domain,transition,23,20270711,3,818975265,completed,0.05,0.9,1.0,4.5,30,90,120,0.1,8343922879,sha256:0a994bea874fc9c47544169cd31bbc317c88690dfe1b6fa7548516e35fd7bca8,H_gamma_0.20,H_gamma,0.2,True,,,,both_censored,False
directional_calibrated_domain,transition,24,20270711,4,818975366,completed,0.05,0.9,1.0,4.5,30,90,120,0.1,8343922879,sha256:0a994bea874fc9c47544169cd31bbc317c88690dfe1b6fa7548516e35fd7bca8,H_alpha_0.05,H_alpha,0.05,True,4,81,77,lead,True
directional_calibrated_domain,transition,24,20270711,4,818975366,completed,0.05,0.9,1.0,4.5,30,90,120,0.1,8343922879,sha256:0a994bea874fc9c47544169cd31bbc317c88690dfe1b6fa7548516e35fd7bca8,H_alpha_0.10,H_alpha,0.1,True,4,81,77,lead,True
directional_calibrated_domain,transition,24,20270711,4,818975366,completed,0.05,0.9,1.0,4.5,30,90,120,0.1,8343922879,sha256:0a994bea874fc9c47544169cd31bbc317c88690dfe1b6fa7548516e35fd7bca8,H_alpha_0.20,H_alpha,0.2,True,4,81,77,lead,True
directional_calibrated_domain,transition,24,20270711,4,818975366,completed,0.05,0.9,1.0,4.5,30,90,120,0.1,8343922879,sha256:0a994bea874fc9c47544169cd31bbc317c88690dfe1b6fa7548516e35fd7bca8,H_gamma_0.05,H_gamma,0.05,True,4,81,77,lead,True
directional_calibrated_domain,transition,24,20270711,4,818975366,completed,0.05,0.9,1.0,4.5,30,90,120,0.1,8343922879,sha256:0a994bea874fc9c47544169cd31bbc317c88690dfe1b6fa7548516e35fd7bca8,H_gamma_0.10,H_gamma,0.1,True,4,81,77,lead,True
directional_calibrated_domain,transition,24,20270711,4,818975366,completed,0.05,0.9,1.0,4.5,30,90,120,0.1,8343922879,sha256:0a994bea874fc9c47544169cd31bbc317c88690dfe1b6fa7548516e35fd7bca8,H_gamma_0.20,H_gamma,0.2,True,,81,,warning_censored,False
directional_calibrated_domain,transition,25,20270711,5,818975467,completed,0.05,0.9,1.0,4.5,30,90,120,0.1,8343922879,sha256:0a994bea874fc9c47544169cd31bbc317c88690dfe1b6fa7548516e35fd7bca8,H_alpha_0.05,H_alpha,0.05,False,,42,,baseline_ineligible,False
directional_calibrated_domain,transition,25,20270711,5,818975467,completed,0.05,0.9,1.0,4.5,30,90,120,0.1,8343922879,sha256:0a994bea874fc9c47544169cd31bbc317c88690dfe1b6fa7548516e35fd7bca8,H_alpha_0.10,H_alpha,0.1,False,,42,,baseline_ineligible,False
directional_calibrated_domain,transition,25,20270711,5,818975467,completed,0.05,0.9,1.0,4.5,30,90,120,0.1,8343922879,sha256:0a994bea874fc9c47544169cd31bbc317c88690dfe1b6fa7548516e35fd7bca8,H_alpha_0.20,H_alpha,0.2,False,,42,,baseline_ineligible,False
directional_calibrated_domain,transition,25,20270711,5,818975467,completed,0.05,0.9,1.0,4.5,30,90,120,0.1,8343922879,sha256:0a994bea874fc9c47544169cd31bbc317c88690dfe1b6fa7548516e35fd7bca8,H_gamma_0.05,H_gamma,0.05,False,,42,,baseline_ineligible,False
directional_calibrated_domain,transition,25,20270711,5,818975467,completed,0.05,0.9,1.0,4.5,30,90,120,0.1,8343922879,sha256:0a994bea874fc9c47544169cd31bbc317c88690dfe1b6fa7548516e35fd7bca8,H_gamma_0.10,H_gamma,0.1,False,,42,,baseline_ineligible,False
directional_calibrated_domain,transition,25,20270711,5,818975467,completed,0.05,0.9,1.0,4.5,30,90,120,0.1,8343922879,sha256:0a994bea874fc9c47544169cd31bbc317c88690dfe1b6fa7548516e35fd7bca8,H_gamma_0.20,H_gamma,0.2,False,,42,,baseline_ineligible,False
directional_calibrated_domain,transition,26,20270711,6,818975568,completed,0.05,0.9,1.0,4.5,30,90,120,0.1,8343922879,sha256:0a994bea874fc9c47544169cd31bbc317c88690dfe1b6fa7548516e35fd7bca8,H_alpha_0.05,H_alpha,0.05,True,2,84,82,lead,True
directional_calibrated_domain,transition,26,20270711,6,818975568,completed,0.05,0.9,1.0,4.5,30,90,120,0.1,8343922879,sha256:0a994bea874fc9c47544169cd31bbc317c88690dfe1b6fa7548516e35fd7bca8,H_alpha_0.10,H_alpha,0.1,True,2,84,82,lead,True
directional_calibrated_domain,transition,26,20270711,6,818975568,completed,0.05,0.9,1.0,4.5,30,90,120,0.1,8343922879,sha256:0a994bea874fc9c47544169cd31bbc317c88690dfe1b6fa7548516e35fd7bca8,H_alpha_0.20,H_alpha,0.2,True,2,84,82,lead,True
directional_calibrated_domain,transition,26,20270711,6,818975568,completed,0.05,0.9,1.0,4.5,30,90,120,0.1,8343922879,sha256:0a994bea874fc9c47544169cd31bbc317c88690dfe1b6fa7548516e35fd7bca8,H_gamma_0.05,H_gamma,0.05,True,2,84,82,lead,True
directional_calibrated_domain,transition,26,20270711,6,818975568,completed,0.05,0.9,1.0,4.5,30,90,120,0.1,8343922879,sha256:0a994bea874fc9c47544169cd31bbc317c88690dfe1b6fa7548516e35fd7bca8,H_gamma_0.10,H_gamma,0.1,True,2,84,82,lead,True
directional_calibrated_domain,transition,26,20270711,6,818975568,completed,0.05,0.9,1.0,4.5,30,90,120,0.1,8343922879,sha256:0a994bea874fc9c47544169cd31bbc317c88690dfe1b6fa7548516e35fd7bca8,H_gamma_0.20,H_gamma,0.2,True,2,84,82,lead,True
directional_calibrated_domain,transition,27,20270711,7,818975669,completed,0.05,0.9,1.0,4.5,30,90,120,0.1,8343922879,sha256:0a994bea874fc9c47544169cd31bbc317c88690dfe1b6fa7548516e35fd7bca8,H_alpha_0.05,H_alpha,0.05,True,60,96,36,lead,True
directional_calibrated_domain,transition,27,20270711,7,818975669,completed,0.05,0.9,1.0,4.5,30,90,120,0.1,8343922879,sha256:0a994bea874fc9c47544169cd31bbc317c88690dfe1b6fa7548516e35fd7bca8,H_alpha_0.10,H_alpha,0.1,True,60,96,36,lead,True
directional_calibrated_domain,transition,27,20270711,7,818975669,completed,0.05,0.9,1.0,4.5,30,90,120,0.1,8343922879,sha256:0a994bea874fc9c47544169cd31bbc317c88690dfe1b6fa7548516e35fd7bca8,H_alpha_0.20,H_alpha,0.2,True,60,96,36,lead,True
directional_calibrated_domain,transition,27,20270711,7,818975669,completed,0.05,0.9,1.0,4.5,30,90,120,0.1,8343922879,sha256:0a994bea874fc9c47544169cd31bbc317c88690dfe1b6fa7548516e35fd7bca8,H_gamma_0.05,H_gamma,0.05,True,,96,,warning_censored,False
directional_calibrated_domain,transition,27,20270711,7,818975669,completed,0.05,0.9,1.0,4.5,30,90,120,0.1,8343922879,sha256:0a994bea874fc9c47544169cd31bbc317c88690dfe1b6fa7548516e35fd7bca8,H_gamma_0.10,H_gamma,0.1,True,,96,,warning_censored,False
directional_calibrated_domain,transition,27,20270711,7,818975669,completed,0.05,0.9,1.0,4.5,30,90,120,0.1,8343922879,sha256:0a994bea874fc9c47544169cd31bbc317c88690dfe1b6fa7548516e35fd7bca8,H_gamma_0.20,H_gamma,0.2,True,,96,,warning_censored,False
directional_calibrated_domain,transition,28,20270711,8,818975770,completed,0.05,0.9,1.0,4.5,30,90,120,0.1,8343922879,sha256:0a994bea874fc9c47544169cd31bbc317c88690dfe1b6fa7548516e35fd7bca8,H_alpha_0.05,H_alpha,0.05,True,27,,,trait_loss_censored,False
directional_calibrated_domain,transition,28,20270711,8,818975770,completed,0.05,0.9,1.0,4.5,30,90,120,0.1,8343922879,sha256:0a994bea874fc9c47544169cd31bbc317c88690dfe1b6fa7548516e35fd7bca8,H_alpha_0.10,H_alpha,0.1,True,28,,,trait_loss_censored,False
directional_calibrated_domain,transition,28,20270711,8,818975770,completed,0.05,0.9,1.0,4.5,30,90,120,0.1,8343922879,sha256:0a994bea874fc9c47544169cd31bbc317c88690dfe1b6fa7548516e35fd7bca8,H_alpha_0.20,H_alpha,0.2,True,29,,,trait_loss_censored,False
directional_calibrated_domain,transition,28,20270711,8,818975770,completed,0.05,0.9,1.0,4.5,30,90,120,0.1,8343922879,sha256:0a994bea874fc9c47544169cd31bbc317c88690dfe1b6fa7548516e35fd7bca8,H_gamma_0.05,H_gamma,0.05,True,,,,both_censored,False
directional_calibrated_domain,transition,28,20270711,8,818975770,completed,0.05,0.9,1.0,4.5,30,90,120,0.1,8343922879,sha256:0a994bea874fc9c47544169cd31bbc317c88690dfe1b6fa7548516e35fd7bca8,H_gamma_0.10,H_gamma,0.1,True,,,,both_censored,False
directional_calibrated_domain,transition,28,20270711,8,818975770,completed,0.05,0.9,1.0,4.5,30,90,120,0.1,8343922879,sha256:0a994bea874fc9c47544169cd31bbc317c88690dfe1b6fa7548516e35fd7bca8,H_gamma_0.20,H_gamma,0.2,True,,,,both_censored,False
directional_calibrated_domain,transition,29,20270711,9,818975871,completed,0.05,0.9,1.0,4.5,30,90,120,0.1,8343922879,sha256:0a994bea874fc9c47544169cd31bbc317c88690dfe1b6fa7548516e35fd7bca8,H_alpha_0.05,H_alpha,0.05,True,4,77,73,lead,True
directional_calibrated_domain,transition,29,20270711,9,818975871,completed,0.05,0.9,1.0,4.5,30,90,120,0.1,8343922879,sha256:0a994bea874fc9c47544169cd31bbc317c88690dfe1b6fa7548516e35fd7bca8,H_alpha_0.10,H_alpha,0.1,True,4,77,73,lead,True
directional_calibrated_domain,transition,29,20270711,9,818975871,completed,0.05,0.9,1.0,4.5,30,90,120,0.1,8343922879,sha256:0a994bea874fc9c47544169cd31bbc317c88690dfe1b6fa7548516e35fd7bca8,H_alpha_0.20,H_alpha,0.2,True,6,77,71,lead,True
directional_calibrated_domain,transition,29,20270711,9,818975871,completed,0.05,0.9,1.0,4.5,30,90,120,0.1,8343922879,sha256:0a994bea874fc9c47544169cd31bbc317c88690dfe1b6fa7548516e35fd7bca8,H_gamma_0.05,H_gamma,0.05,True,6,77,71,lead,True
directional_calibrated_domain,transition,29,20270711,9,818975871,completed,0.05,0.9,1.0,4.5,30,90,120,0.1,8343922879,sha256:0a994bea874fc9c47544169cd31bbc317c88690dfe1b6fa7548516e35fd7bca8,H_gamma_0.10,H_gamma,0.1,True,6,77,71,lead,True
directional_calibrated_domain,transition,29,20270711,9,818975871,completed,0.05,0.9,1.0,4.5,30,90,120,0.1,8343922879,sha256:0a994bea874fc9c47544169cd31bbc317c88690dfe1b6fa7548516e35fd7bca8,H_gamma_0.20,H_gamma,0.2,True,6,77,71,lead,True
directional_calibrated_domain,transition,30,20270711,10,818975972,completed,0.05,0.9,1.0,4.5,30,90,120,0.1,8343922879,sha256:0a994bea874fc9c47544169cd31bbc317c88690dfe1b6fa7548516e35fd7bca8,H_alpha_0.05,H_alpha,0.05,True,,62,,warning_censored,False
directional_calibrated_domain,transition,30,20270711,10,818975972,completed,0.05,0.9,1.0,4.5,30,90,120,0.1,8343922879,sha256:0a994bea874fc9c47544169cd31bbc317c88690dfe1b6fa7548516e35fd7bca8,H_alpha_0.10,H_alpha,0.1,True,,62,,warning_censored,False
directional_calibrated_domain,transition,30,20270711,10,818975972,completed,0.05,0.9,1.0,4.5,30,90,120,0.1,8343922879,sha256:0a994bea874fc9c47544169cd31bbc317c88690dfe1b6fa7548516e35fd7bca8,H_alpha_0.20,H_alpha,0.2,True,,62,,warning_censored,False
directional_calibrated_domain,transition,30,20270711,10,818975972,completed,0.05,0.9,1.0,4.5,30,90,120,0.1,8343922879,sha256:0a994bea874fc9c47544169cd31bbc317c88690dfe1b6fa7548516e35fd7bca8,H_gamma_0.05,H_gamma,0.05,True,,62,,warning_censored,False
directional_calibrated_domain,transition,30,20270711,10,818975972,completed,0.05,0.9,1.0,4.5,30,90,120,0.1,8343922879,sha256:0a994bea874fc9c47544169cd31bbc317c88690dfe1b6fa7548516e35fd7bca8,H_gamma_0.10,H_gamma,0.1,True,,62,,warning_censored,False
directional_calibrated_domain,transition,30,20270711,10,818975972,completed,0.05,0.9,1.0,4.5,30,90,120,0.1,8343922879,sha256:0a994bea874fc9c47544169cd31bbc317c88690dfe1b6fa7548516e35fd7bca8,H_gamma_0.20,H_gamma,0.2,True,,62,,warning_censored,False
directional_calibrated_domain,transition,31,20270711,11,818976073,completed,0.05,0.9,1.0,4.5,30,90,120,0.1,8343922879,sha256:0a994bea874fc9c47544169cd31bbc317c88690dfe1b6fa7548516e35fd7bca8,H_alpha_0.05,H_alpha,0.05,True,2,76,74,lead,True
directional_calibrated_domain,transition,31,20270711,11,818976073,completed,0.05,0.9,1.0,4.5,30,90,120,0.1,8343922879,sha256:0a994bea874fc9c47544169cd31bbc317c88690dfe1b6fa7548516e35fd7bca8,H_alpha_0.10,H_alpha,0.1,True,2,76,74,lead,True
directional_calibrated_domain,transition,31,20270711,11,818976073,completed,0.05,0.9,1.0,4.5,30,90,120,0.1,8343922879,sha256:0a994bea874fc9c47544169cd31bbc317c88690dfe1b6fa7548516e35fd7bca8,H_alpha_0.20,H_alpha,0.2,True,2,76,74,lead,True
directional_calibrated_domain,transition,31,20270711,11,818976073,completed,0.05,0.9,1.0,4.5,30,90,120,0.1,8343922879,sha256:0a994bea874fc9c47544169cd31bbc317c88690dfe1b6fa7548516e35fd7bca8,H_gamma_0.05,H_gamma,0.05,True,2,76,74,lead,True
directional_calibrated_domain,transition,31,20270711,11,818976073,completed,0.05,0.9,1.0,4.5,30,90,120,0.1,8343922879,sha256:0a994bea874fc9c47544169cd31bbc317c88690dfe1b6fa7548516e35fd7bca8,H_gamma_0.10,H_gamma,0.1,True,2,76,74,lead,True
directional_calibrated_domain,transition,31,20270711,11,818976073,completed,0.05,0.9,1.0,4.5,30,90,120,0.1,8343922879,sha256:0a994bea874fc9c47544169cd31bbc317c88690dfe1b6fa7548516e35fd7bca8,H_gamma_0.20,H_gamma,0.2,True,2,76,74,lead,True
directional_calibrated_domain,transition,32,20270711,12,818976174,completed,0.05,0.9,1.0,4.5,30,90,120,0.1,8343922879,sha256:0a994bea874fc9c47544169cd31bbc317c88690dfe1b6fa7548516e35fd7bca8,H_alpha_0.05,H_alpha,0.05,True,3,48,45,lead,True
directional_calibrated_domain,transition,32,20270711,12,818976174,completed,0.05,0.9,1.0,4.5,30,90,120,0.1,8343922879,sha256:0a994bea874fc9c47544169cd31bbc317c88690dfe1b6fa7548516e35fd7bca8,H_alpha_0.10,H_alpha,0.1,True,3,48,45,lead,True
directional_calibrated_domain,transition,32,20270711,12,818976174,completed,0.05,0.9,1.0,4.5,30,90,120,0.1,8343922879,sha256:0a994bea874fc9c47544169cd31bbc317c88690dfe1b6fa7548516e35fd7bca8,H_alpha_0.20,H_alpha,0.2,True,3,48,45,lead,True
directional_calibrated_domain,transition,32,20270711,12,818976174,completed,0.05,0.9,1.0,4.5,30,90,120,0.1,8343922879,sha256:0a994bea874fc9c47544169cd31bbc317c88690dfe1b6fa7548516e35fd7bca8,H_gamma_0.05,H_gamma,0.05,True,3,48,45,lead,True
directional_calibrated_domain,transition,32,20270711,12,818976174,completed,0.05,0.9,1.0,4.5,30,90,120,0.1,8343922879,sha256:0a994bea874fc9c47544169cd31bbc317c88690dfe1b6fa7548516e35fd7bca8,H_gamma_0.10,H_gamma,0.1,True,3,48,45,lead,True
directional_calibrated_domain,transition,32,20270711,12,818976174,completed,0.05,0.9,1.0,4.5,30,90,120,0.1,8343922879,sha256:0a994bea874fc9c47544169cd31bbc317c88690dfe1b6fa7548516e35fd7bca8,H_gamma_0.20,H_gamma,0.2,True,3,48,45,lead,True
directional_calibrated_domain,transition,33,20270711,13,818976275,completed,0.05,0.9,1.0,4.5,30,90,120,0.1,8343922879,sha256:0a994bea874fc9c47544169cd31bbc317c88690dfe1b6fa7548516e35fd7bca8,H_alpha_0.05,H_alpha,0.05,True,18,107,89,lead,True
directional_calibrated_domain,transition,33,20270711,13,818976275,completed,0.05,0.9,1.0,4.5,30,90,120,0.1,8343922879,sha256:0a994bea874fc9c47544169cd31bbc317c88690dfe1b6fa7548516e35fd7bca8,H_alpha_0.10,H_alpha,0.1,True,81,107,26,lead,True
directional_calibrated_domain,transition,33,20270711,13,818976275,completed,0.05,0.9,1.0,4.5,30,90,120,0.1,8343922879,sha256:0a994bea874fc9c47544169cd31bbc317c88690dfe1b6fa7548516e35fd7bca8,H_alpha_0.20,H_alpha,0.2,True,82,107,25,lead,True
directional_calibrated_domain,transition,33,20270711,13,818976275,completed,0.05,0.9,1.0,4.5,30,90,120,0.1,8343922879,sha256:0a994bea874fc9c47544169cd31bbc317c88690dfe1b6fa7548516e35fd7bca8,H_gamma_0.05,H_gamma,0.05,True,82,107,25,lead,True
directional_calibrated_domain,transition,33,20270711,13,818976275,completed,0.05,0.9,1.0,4.5,30,90,120,0.1,8343922879,sha256:0a994bea874fc9c47544169cd31bbc317c88690dfe1b6fa7548516e35fd7bca8,H_gamma_0.10,H_gamma,0.1,True,85,107,22,lead,True
directional_calibrated_domain,transition,33,20270711,13,818976275,completed,0.05,0.9,1.0,4.5,30,90,120,0.1,8343922879,sha256:0a994bea874fc9c47544169cd31bbc317c88690dfe1b6fa7548516e35fd7bca8,H_gamma_0.20,H_gamma,0.2,True,85,107,22,lead,True
directional_calibrated_domain,transition,34,20270711,14,818976376,completed,0.05,0.9,1.0,4.5,30,90,120,0.1,8343922879,sha256:0a994bea874fc9c47544169cd31bbc317c88690dfe1b6fa7548516e35fd7bca8,H_alpha_0.05,H_alpha,0.05,True,54,,,trait_loss_censored,False
directional_calibrated_domain,transition,34,20270711,14,818976376,completed,0.05,0.9,1.0,4.5,30,90,120,0.1,8343922879,sha256:0a994bea874fc9c47544169cd31bbc317c88690dfe1b6fa7548516e35fd7bca8,H_alpha_0.10,H_alpha,0.1,True,54,,,trait_loss_censored,False
directional_calibrated_domain,transition,34,20270711,14,818976376,completed,0.05,0.9,1.0,4.5,30,90,120,0.1,8343922879,sha256:0a994bea874fc9c47544169cd31bbc317c88690dfe1b6fa7548516e35fd7bca8,H_alpha_0.20,H_alpha,0.2,True,86,,,trait_loss_censored,False
directional_calibrated_domain,transition,34,20270711,14,818976376,completed,0.05,0.9,1.0,4.5,30,90,120,0.1,8343922879,sha256:0a994bea874fc9c47544169cd31bbc317c88690dfe1b6fa7548516e35fd7bca8,H_gamma_0.05,H_gamma,0.05,True,,,,both_censored,False
directional_calibrated_domain,transition,34,20270711,14,818976376,completed,0.05,0.9,1.0,4.5,30,90,120,0.1,8343922879,sha256:0a994bea874fc9c47544169cd31bbc317c88690dfe1b6fa7548516e35fd7bca8,H_gamma_0.10,H_gamma,0.1,True,,,,both_censored,False
directional_calibrated_domain,transition,34,20270711,14,818976376,completed,0.05,0.9,1.0,4.5,30,90,120,0.1,8343922879,sha256:0a994bea874fc9c47544169cd31bbc317c88690dfe1b6fa7548516e35fd7bca8,H_gamma_0.20,H_gamma,0.2,True,,,,both_censored,False
directional_calibrated_domain,transition,35,20270711,15,818976477,completed,0.05,0.9,1.0,4.5,30,90,120,0.1,8343922879,sha256:0a994bea874fc9c47544169cd31bbc317c88690dfe1b6fa7548516e35fd7bca8,H_alpha_0.05,H_alpha,0.05,True,,37,,warning_censored,False
directional_calibrated_domain,transition,35,20270711,15,818976477,completed,0.05,0.9,1.0,4.5,30,90,120,0.1,8343922879,sha256:0a994bea874fc9c47544169cd31bbc317c88690dfe1b6fa7548516e35fd7bca8,H_alpha_0.10,H_alpha,0.1,True,,37,,warning_censored,False
directional_calibrated_domain,transition,35,20270711,15,818976477,completed,0.05,0.9,1.0,4.5,30,90,120,0.1,8343922879,sha256:0a994bea874fc9c47544169cd31bbc317c88690dfe1b6fa7548516e35fd7bca8,H_alpha_0.20,H_alpha,0.2,True,,37,,warning_censored,False
directional_calibrated_domain,transition,35,20270711,15,818976477,completed,0.05,0.9,1.0,4.5,30,90,120,0.1,8343922879,sha256:0a994bea874fc9c47544169cd31bbc317c88690dfe1b6fa7548516e35fd7bca8,H_gamma_0.05,H_gamma,0.05,True,,37,,warning_censored,False
directional_calibrated_domain,transition,35,20270711,15,818976477,completed,0.05,0.9,1.0,4.5,30,90,120,0.1,8343922879,sha256:0a994bea874fc9c47544169cd31bbc317c88690dfe1b6fa7548516e35fd7bca8,H_gamma_0.10,H_gamma,0.1,True,,37,,warning_censored,False
directional_calibrated_domain,transition,35,20270711,15,818976477,completed,0.05,0.9,1.0,4.5,30,90,120,0.1,8343922879,sha256:0a994bea874fc9c47544169cd31bbc317c88690dfe1b6fa7548516e35fd7bca8,H_gamma_0.20,H_gamma,0.2,True,,37,,warning_censored,False
directional_calibrated_domain,transition,36,20270711,16,818976578,completed,0.05,0.9,1.0,4.5,30,90,120,0.1,8343922879,sha256:0a994bea874fc9c47544169cd31bbc317c88690dfe1b6fa7548516e35fd7bca8,H_alpha_0.05,H_alpha,0.05,True,1,,,trait_loss_censored,False
directional_calibrated_domain,transition,36,20270711,16,818976578,completed,0.05,0.9,1.0,4.5,30,90,120,0.1,8343922879,sha256:0a994bea874fc9c47544169cd31bbc317c88690dfe1b6fa7548516e35fd7bca8,H_alpha_0.10,H_alpha,0.1,True,1,,,trait_loss_censored,False
directional_calibrated_domain,transition,36,20270711,16,818976578,completed,0.05,0.9,1.0,4.5,30,90,120,0.1,8343922879,sha256:0a994bea874fc9c47544169cd31bbc317c88690dfe1b6fa7548516e35fd7bca8,H_alpha_0.20,H_alpha,0.2,True,1,,,trait_loss_censored,False
directional_calibrated_domain,transition,36,20270711,16,818976578,completed,0.05,0.9,1.0,4.5,30,90,120,0.1,8343922879,sha256:0a994bea874fc9c47544169cd31bbc317c88690dfe1b6fa7548516e35fd7bca8,H_gamma_0.05,H_gamma,0.05,True,1,,,trait_loss_censored,False
directional_calibrated_domain,transition,36,20270711,16,818976578,completed,0.05,0.9,1.0,4.5,30,90,120,0.1,8343922879,sha256:0a994bea874fc9c47544169cd31bbc317c88690dfe1b6fa7548516e35fd7bca8,H_gamma_0.10,H_gamma,0.1,True,1,,,trait_loss_censored,False
directional_calibrated_domain,transition,36,20270711,16,818976578,completed,0.05,0.9,1.0,4.5,30,90,120,0.1,8343922879,sha256:0a994bea874fc9c47544169cd31bbc317c88690dfe1b6fa7548516e35fd7bca8,H_gamma_0.20,H_gamma,0.2,True,1,,,trait_loss_censored,False
directional_calibrated_domain,transition,37,20270711,17,818976679,completed,0.05,0.9,1.0,4.5,30,90,120,0.1,8343922879,sha256:0a994bea874fc9c47544169cd31bbc317c88690dfe1b6fa7548516e35fd7bca8,H_alpha_0.05,H_alpha,0.05,True,1,31,30,lead,True
directional_calibrated_domain,transition,37,20270711,17,818976679,completed,0.05,0.9,1.0,4.5,30,90,120,0.1,8343922879,sha256:0a994bea874fc9c47544169cd31bbc317c88690dfe1b6fa7548516e35fd7bca8,H_alpha_0.10,H_alpha,0.1,True,1,31,30,lead,True
directional_calibrated_domain,transition,37,20270711,17,818976679,completed,0.05,0.9,1.0,4.5,30,90,120,0.1,8343922879,sha256:0a994bea874fc9c47544169cd31bbc317c88690dfe1b6fa7548516e35fd7bca8,H_alpha_0.20,H_alpha,0.2,True,1,31,30,lead,True
directional_calibrated_domain,transition,37,20270711,17,818976679,completed,0.05,0.9,1.0,4.5,30,90,120,0.1,8343922879,sha256:0a994bea874fc9c47544169cd31bbc317c88690dfe1b6fa7548516e35fd7bca8,H_gamma_0.05,H_gamma,0.05,True,1,31,30,lead,True
directional_calibrated_domain,transition,37,20270711,17,818976679,completed,0.05,0.9,1.0,4.5,30,90,120,0.1,8343922879,sha256:0a994bea874fc9c47544169cd31bbc317c88690dfe1b6fa7548516e35fd7bca8,H_gamma_0.10,H_gamma,0.1,True,1,31,30,lead,True
directional_calibrated_domain,transition,37,20270711,17,818976679,completed,0.05,0.9,1.0,4.5,30,90,120,0.1,8343922879,sha256:0a994bea874fc9c47544169cd31bbc317c88690dfe1b6fa7548516e35fd7bca8,H_gamma_0.20,H_gamma,0.2,True,1,31,30,lead,True
directional_calibrated_domain,transition,38,20270711,18,818976780,completed,0.05,0.9,1.0,4.5,30,90,120,0.1,8343922879,sha256:0a994bea874fc9c47544169cd31bbc317c88690dfe1b6fa7548516e35fd7bca8,H_alpha_0.05,H_alpha,0.05,True,,78,,warning_censored,False
directional_calibrated_domain,transition,38,20270711,18,818976780,completed,0.05,0.9,1.0,4.5,30,90,120,0.1,8343922879,sha256:0a994bea874fc9c47544169cd31bbc317c88690dfe1b6fa7548516e35fd7bca8,H_alpha_0.10,H_alpha,0.1,True,,78,,warning_censored,False
directional_calibrated_domain,transition,38,20270711,18,818976780,completed,0.05,0.9,1.0,4.5,30,90,120,0.1,8343922879,sha256:0a994bea874fc9c47544169cd31bbc317c88690dfe1b6fa7548516e35fd7bca8,H_alpha_0.20,H_alpha,0.2,True,,78,,warning_censored,False
directional_calibrated_domain,transition,38,20270711,18,818976780,completed,0.05,0.9,1.0,4.5,30,90,120,0.1,8343922879,sha256:0a994bea874fc9c47544169cd31bbc317c88690dfe1b6fa7548516e35fd7bca8,H_gamma_0.05,H_gamma,0.05,True,,78,,warning_censored,False
directional_calibrated_domain,transition,38,20270711,18,818976780,completed,0.05,0.9,1.0,4.5,30,90,120,0.1,8343922879,sha256:0a994bea874fc9c47544169cd31bbc317c88690dfe1b6fa7548516e35fd7bca8,H_gamma_0.10,H_gamma,0.1,True,,78,,warning_censored,False
directional_calibrated_domain,transition,38,20270711,18,818976780,completed,0.05,0.9,1.0,4.5,30,90,120,0.1,8343922879,sha256:0a994bea874fc9c47544169cd31bbc317c88690dfe1b6fa7548516e35fd7bca8,H_gamma_0.20,H_gamma,0.2,True,,78,,warning_censored,False
directional_calibrated_domain,transition,39,20270711,19,818976881,completed,0.05,0.9,1.0,4.5,30,90,120,0.1,8343922879,sha256:0a994bea874fc9c47544169cd31bbc317c88690dfe1b6fa7548516e35fd7bca8,H_alpha_0.05,H_alpha,0.05,True,88,41,-47,lag,True
directional_calibrated_domain,transition,39,20270711,19,818976881,completed,0.05,0.9,1.0,4.5,30,90,120,0.1,8343922879,sha256:0a994bea874fc9c47544169cd31bbc317c88690dfe1b6fa7548516e35fd7bca8,H_alpha_0.10,H_alpha,0.1,True,,41,,warning_censored,False
directional_calibrated_domain,transition,39,20270711,19,818976881,completed,0.05,0.9,1.0,4.5,30,90,120,0.1,8343922879,sha256:0a994bea874fc9c47544169cd31bbc317c88690dfe1b6fa7548516e35fd7bca8,H_alpha_0.20,H_alpha,0.2,True,,41,,warning_censored,False
directional_calibrated_domain,transition,39,20270711,19,818976881,completed,0.05,0.9,1.0,4.5,30,90,120,0.1,8343922879,sha256:0a994bea874fc9c47544169cd31bbc317c88690dfe1b6fa7548516e35fd7bca8,H_gamma_0.05,H_gamma,0.05,True,,41,,warning_censored,False
directional_calibrated_domain,transition,39,20270711,19,818976881,completed,0.05,0.9,1.0,4.5,30,90,120,0.1,8343922879,sha256:0a994bea874fc9c47544169cd31bbc317c88690dfe1b6fa7548516e35fd7bca8,H_gamma_0.10,H_gamma,0.1,True,,41,,warning_censored,False
directional_calibrated_domain,transition,39,20270711,19,818976881,completed,0.05,0.9,1.0,4.5,30,90,120,0.1,8343922879,sha256:0a994bea874fc9c47544169cd31bbc317c88690dfe1b6fa7548516e35fd7bca8,H_gamma_0.20,H_gamma,0.2,True,,41,,warning_censored,False
directional_calibrated_domain,transition,40,20270712,0,97595469,completed,0.05,0.9,1.0,4.5,30,90,120,0.1,8343922879,sha256:0a994bea874fc9c47544169cd31bbc317c88690dfe1b6fa7548516e35fd7bca8,H_alpha_0.05,H_alpha,0.05,False,,,,baseline_ineligible,False
directional_calibrated_domain,transition,40,20270712,0,97595469,completed,0.05,0.9,1.0,4.5,30,90,120,0.1,8343922879,sha256:0a994bea874fc9c47544169cd31bbc317c88690dfe1b6fa7548516e35fd7bca8,H_alpha_0.10,H_alpha,0.1,False,,,,baseline_ineligible,False
directional_calibrated_domain,transition,40,20270712,0,97595469,completed,0.05,0.9,1.0,4.5,30,90,120,0.1,8343922879,sha256:0a994bea874fc9c47544169cd31bbc317c88690dfe1b6fa7548516e35fd7bca8,H_alpha_0.20,H_alpha,0.2,False,,,,baseline_ineligible,False
directional_calibrated_domain,transition,40,20270712,0,97595469,completed,0.05,0.9,1.0,4.5,30,90,120,0.1,8343922879,sha256:0a994bea874fc9c47544169cd31bbc317c88690dfe1b6fa7548516e35fd7bca8,H_gamma_0.05,H_gamma,0.05,False,,,,baseline_ineligible,False
directional_calibrated_domain,transition,40,20270712,0,97595469,completed,0.05,0.9,1.0,4.5,30,90,120,0.1,8343922879,sha256:0a994bea874fc9c47544169cd31bbc317c88690dfe1b6fa7548516e35fd7bca8,H_gamma_0.10,H_gamma,0.1,False,,,,baseline_ineligible,False
directional_calibrated_domain,transition,40,20270712,0,97595469,completed,0.05,0.9,1.0,4.5,30,90,120,0.1,8343922879,sha256:0a994bea874fc9c47544169cd31bbc317c88690dfe1b6fa7548516e35fd7bca8,H_gamma_0.20,H_gamma,0.2,False,,,,baseline_ineligible,False
directional_calibrated_domain,transition,41,20270712,1,97595570,completed,0.05,0.9,1.0,4.5,30,90,120,0.1,8343922879,sha256:0a994bea874fc9c47544169cd31bbc317c88690dfe1b6fa7548516e35fd7bca8,H_alpha_0.05,H_alpha,0.05,True,38,115,77,lead,True
directional_calibrated_domain,transition,41,20270712,1,97595570,completed,0.05,0.9,1.0,4.5,30,90,120,0.1,8343922879,sha256:0a994bea874fc9c47544169cd31bbc317c88690dfe1b6fa7548516e35fd7bca8,H_alpha_0.10,H_alpha,0.1,True,39,115,76,lead,True
directional_calibrated_domain,transition,41,20270712,1,97595570,completed,0.05,0.9,1.0,4.5,30,90,120,0.1,8343922879,sha256:0a994bea874fc9c47544169cd31bbc317c88690dfe1b6fa7548516e35fd7bca8,H_alpha_0.20,H_alpha,0.2,True,39,115,76,lead,True
directional_calibrated_domain,transition,41,20270712,1,97595570,completed,0.05,0.9,1.0,4.5,30,90,120,0.1,8343922879,sha256:0a994bea874fc9c47544169cd31bbc317c88690dfe1b6fa7548516e35fd7bca8,H_gamma_0.05,H_gamma,0.05,True,,115,,warning_censored,False
directional_calibrated_domain,transition,41,20270712,1,97595570,completed,0.05,0.9,1.0,4.5,30,90,120,0.1,8343922879,sha256:0a994bea874fc9c47544169cd31bbc317c88690dfe1b6fa7548516e35fd7bca8,H_gamma_0.10,H_gamma,0.1,True,,115,,warning_censored,False
directional_calibrated_domain,transition,41,20270712,1,97595570,completed,0.05,0.9,1.0,4.5,30,90,120,0.1,8343922879,sha256:0a994bea874fc9c47544169cd31bbc317c88690dfe1b6fa7548516e35fd7bca8,H_gamma_0.20,H_gamma,0.2,True,,115,,warning_censored,False
directional_calibrated_domain,transition,42,20270712,2,97595671,completed,0.05,0.9,1.0,4.5,30,90,120,0.1,8343922879,sha256:0a994bea874fc9c47544169cd31bbc317c88690dfe1b6fa7548516e35fd7bca8,H_alpha_0.05,H_alpha,0.05,True,1,97,96,lead,True
directional_calibrated_domain,transition,42,20270712,2,97595671,completed,0.05,0.9,1.0,4.5,30,90,120,0.1,8343922879,sha256:0a994bea874fc9c47544169cd31bbc317c88690dfe1b6fa7548516e35fd7bca8,H_alpha_0.10,H_alpha,0.1,True,1,97,96,lead,True
directional_calibrated_domain,transition,42,20270712,2,97595671,completed,0.05,0.9,1.0,4.5,30,90,120,0.1,8343922879,sha256:0a994bea874fc9c47544169cd31bbc317c88690dfe1b6fa7548516e35fd7bca8,H_alpha_0.20,H_alpha,0.2,True,2,97,95,lead,True
directional_calibrated_domain,transition,42,20270712,2,97595671,completed,0.05,0.9,1.0,4.5,30,90,120,0.1,8343922879,sha256:0a994bea874fc9c47544169cd31bbc317c88690dfe1b6fa7548516e35fd7bca8,H_gamma_0.05,H_gamma,0.05,True,1,97,96,lead,True
directional_calibrated_domain,transition,42,20270712,2,97595671,completed,0.05,0.9,1.0,4.5,30,90,120,0.1,8343922879,sha256:0a994bea874fc9c47544169cd31bbc317c88690dfe1b6fa7548516e35fd7bca8,H_gamma_0.10,H_gamma,0.1,True,1,97,96,lead,True
directional_calibrated_domain,transition,42,20270712,2,97595671,completed,0.05,0.9,1.0,4.5,30,90,120,0.1,8343922879,sha256:0a994bea874fc9c47544169cd31bbc317c88690dfe1b6fa7548516e35fd7bca8,H_gamma_0.20,H_gamma,0.2,True,2,97,95,lead,True
directional_calibrated_domain,transition,43,20270712,3,97595772,completed,0.05,0.9,1.0,4.5,30,90,120,0.1,8343922879,sha256:0a994bea874fc9c47544169cd31bbc317c88690dfe1b6fa7548516e35fd7bca8,H_alpha_0.05,H_alpha,0.05,True,1,,,trait_loss_censored,False
directional_calibrated_domain,transition,43,20270712,3,97595772,completed,0.05,0.9,1.0,4.5,30,90,120,0.1,8343922879,sha256:0a994bea874fc9c47544169cd31bbc317c88690dfe1b6fa7548516e35fd7bca8,H_alpha_0.10,H_alpha,0.1,True,1,,,trait_loss_censored,False
directional_calibrated_domain,transition,43,20270712,3,97595772,completed,0.05,0.9,1.0,4.5,30,90,120,0.1,8343922879,sha256:0a994bea874fc9c47544169cd31bbc317c88690dfe1b6fa7548516e35fd7bca8,H_alpha_0.20,H_alpha,0.2,True,1,,,trait_loss_censored,False
directional_calibrated_domain,transition,43,20270712,3,97595772,completed,0.05,0.9,1.0,4.5,30,90,120,0.1,8343922879,sha256:0a994bea874fc9c47544169cd31bbc317c88690dfe1b6fa7548516e35fd7bca8,H_gamma_0.05,H_gamma,0.05,True,1,,,trait_loss_censored,False
directional_calibrated_domain,transition,43,20270712,3,97595772,completed,0.05,0.9,1.0,4.5,30,90,120,0.1,8343922879,sha256:0a994bea874fc9c47544169cd31bbc317c88690dfe1b6fa7548516e35fd7bca8,H_gamma_0.10,H_gamma,0.1,True,1,,,trait_loss_censored,False
directional_calibrated_domain,transition,43,20270712,3,97595772,completed,0.05,0.9,1.0,4.5,30,90,120,0.1,8343922879,sha256:0a994bea874fc9c47544169cd31bbc317c88690dfe1b6fa7548516e35fd7bca8,H_gamma_0.20,H_gamma,0.2,True,1,,,trait_loss_censored,False
directional_calibrated_domain,transition,44,20270712,4,97595873,completed,0.05,0.9,1.0,4.5,30,90,120,0.1,8343922879,sha256:0a994bea874fc9c47544169cd31bbc317c88690dfe1b6fa7548516e35fd7bca8,H_alpha_0.05,H_alpha,0.05,False,,,,baseline_ineligible,False
directional_calibrated_domain,transition,44,20270712,4,97595873,completed,0.05,0.9,1.0,4.5,30,90,120,0.1,8343922879,sha256:0a994bea874fc9c47544169cd31bbc317c88690dfe1b6fa7548516e35fd7bca8,H_alpha_0.10,H_alpha,0.1,False,,,,baseline_ineligible,False
directional_calibrated_domain,transition,44,20270712,4,97595873,completed,0.05,0.9,1.0,4.5,30,90,120,0.1,8343922879,sha256:0a994bea874fc9c47544169cd31bbc317c88690dfe1b6fa7548516e35fd7bca8,H_alpha_0.20,H_alpha,0.2,False,,,,baseline_ineligible,False
directional_calibrated_domain,transition,44,20270712,4,97595873,completed,0.05,0.9,1.0,4.5,30,90,120,0.1,8343922879,sha256:0a994bea874fc9c47544169cd31bbc317c88690dfe1b6fa7548516e35fd7bca8,H_gamma_0.05,H_gamma,0.05,False,,,,baseline_ineligible,False
directional_calibrated_domain,transition,44,20270712,4,97595873,completed,0.05,0.9,1.0,4.5,30,90,120,0.1,8343922879,sha256:0a994bea874fc9c47544169cd31bbc317c88690dfe1b6fa7548516e35fd7bca8,H_gamma_0.10,H_gamma,0.1,False,,,,baseline_ineligible,False
directional_calibrated_domain,transition,44,20270712,4,97595873,completed,0.05,0.9,1.0,4.5,30,90,120,0.1,8343922879,sha256:0a994bea874fc9c47544169cd31bbc317c88690dfe1b6fa7548516e35fd7bca8,H_gamma_0.20,H_gamma,0.2,False,,,,baseline_ineligible,False
directional_calibrated_domain,transition,45,20270712,5,97595974,completed,0.05,0.9,1.0,4.5,30,90,120,0.1,8343922879,sha256:0a994bea874fc9c47544169cd31bbc317c88690dfe1b6fa7548516e35fd7bca8,H_alpha_0.05,H_alpha,0.05,True,59,90,31,lead,True
directional_calibrated_domain,transition,45,20270712,5,97595974,completed,0.05,0.9,1.0,4.5,30,90,120,0.1,8343922879,sha256:0a994bea874fc9c47544169cd31bbc317c88690dfe1b6fa7548516e35fd7bca8,H_alpha_0.10,H_alpha,0.1,True,59,90,31,lead,True
directional_calibrated_domain,transition,45,20270712,5,97595974,completed,0.05,0.9,1.0,4.5,30,90,120,0.1,8343922879,sha256:0a994bea874fc9c47544169cd31bbc317c88690dfe1b6fa7548516e35fd7bca8,H_alpha_0.20,H_alpha,0.2,True,59,90,31,lead,True
directional_calibrated_domain,transition,45,20270712,5,97595974,completed,0.05,0.9,1.0,4.5,30,90,120,0.1,8343922879,sha256:0a994bea874fc9c47544169cd31bbc317c88690dfe1b6fa7548516e35fd7bca8,H_gamma_0.05,H_gamma,0.05,True,,90,,warning_censored,False
directional_calibrated_domain,transition,45,20270712,5,97595974,completed,0.05,0.9,1.0,4.5,30,90,120,0.1,8343922879,sha256:0a994bea874fc9c47544169cd31bbc317c88690dfe1b6fa7548516e35fd7bca8,H_gamma_0.10,H_gamma,0.1,True,,90,,warning_censored,False
directional_calibrated_domain,transition,45,20270712,5,97595974,completed,0.05,0.9,1.0,4.5,30,90,120,0.1,8343922879,sha256:0a994bea874fc9c47544169cd31bbc317c88690dfe1b6fa7548516e35fd7bca8,H_gamma_0.20,H_gamma,0.2,True,,90,,warning_censored,False
directional_calibrated_domain,transition,46,20270712,6,97596075,source_preparation_failed,0.05,0.9,1.0,4.5,30,90,120,0.1,8343922879,sha256:0a994bea874fc9c47544169cd31bbc317c88690dfe1b6fa7548516e35fd7bca8,H_alpha_0.05,H_alpha,0.05,False,,,,source_preparation_failed,False
directional_calibrated_domain,transition,46,20270712,6,97596075,source_preparation_failed,0.05,0.9,1.0,4.5,30,90,120,0.1,8343922879,sha256:0a994bea874fc9c47544169cd31bbc317c88690dfe1b6fa7548516e35fd7bca8,H_alpha_0.10,H_alpha,0.1,False,,,,source_preparation_failed,False
directional_calibrated_domain,transition,46,20270712,6,97596075,source_preparation_failed,0.05,0.9,1.0,4.5,30,90,120,0.1,8343922879,sha256:0a994bea874fc9c47544169cd31bbc317c88690dfe1b6fa7548516e35fd7bca8,H_alpha_0.20,H_alpha,0.2,False,,,,source_preparation_failed,False
directional_calibrated_domain,transition,46,20270712,6,97596075,source_preparation_failed,0.05,0.9,1.0,4.5,30,90,120,0.1,8343922879,sha256:0a994bea874fc9c47544169cd31bbc317c88690dfe1b6fa7548516e35fd7bca8,H_gamma_0.05,H_gamma,0.05,False,,,,source_preparation_failed,False
directional_calibrated_domain,transition,46,20270712,6,97596075,source_preparation_failed,0.05,0.9,1.0,4.5,30,90,120,0.1,8343922879,sha256:0a994bea874fc9c47544169cd31bbc317c88690dfe1b6fa7548516e35fd7bca8,H_gamma_0.10,H_gamma,0.1,False,,,,source_preparation_failed,False
directional_calibrated_domain,transition,46,20270712,6,97596075,source_preparation_failed,0.05,0.9,1.0,4.5,30,90,120,0.1,8343922879,sha256:0a994bea874fc9c47544169cd31bbc317c88690dfe1b6fa7548516e35fd7bca8,H_gamma_0.20,H_gamma,0.2,False,,,,source_preparation_failed,False
directional_calibrated_domain,transition,47,20270712,7,97596176,completed,0.05,0.9,1.0,4.5,30,90,120,0.1,8343922879,sha256:0a994bea874fc9c47544169cd31bbc317c88690dfe1b6fa7548516e35fd7bca8,H_alpha_0.05,H_alpha,0.05,True,6,,,trait_loss_censored,False
directional_calibrated_domain,transition,47,20270712,7,97596176,completed,0.05,0.9,1.0,4.5,30,90,120,0.1,8343922879,sha256:0a994bea874fc9c47544169cd31bbc317c88690dfe1b6fa7548516e35fd7bca8,H_alpha_0.10,H_alpha,0.1,True,34,,,trait_loss_censored,False
directional_calibrated_domain,transition,47,20270712,7,97596176,completed,0.05,0.9,1.0,4.5,30,90,120,0.1,8343922879,sha256:0a994bea874fc9c47544169cd31bbc317c88690dfe1b6fa7548516e35fd7bca8,H_alpha_0.20,H_alpha,0.2,True,34,,,trait_loss_censored,False
directional_calibrated_domain,transition,47,20270712,7,97596176,completed,0.05,0.9,1.0,4.5,30,90,120,0.1,8343922879,sha256:0a994bea874fc9c47544169cd31bbc317c88690dfe1b6fa7548516e35fd7bca8,H_gamma_0.05,H_gamma,0.05,True,,,,both_censored,False
directional_calibrated_domain,transition,47,20270712,7,97596176,completed,0.05,0.9,1.0,4.5,30,90,120,0.1,8343922879,sha256:0a994bea874fc9c47544169cd31bbc317c88690dfe1b6fa7548516e35fd7bca8,H_gamma_0.10,H_gamma,0.1,True,,,,both_censored,False
directional_calibrated_domain,transition,47,20270712,7,97596176,completed,0.05,0.9,1.0,4.5,30,90,120,0.1,8343922879,sha256:0a994bea874fc9c47544169cd31bbc317c88690dfe1b6fa7548516e35fd7bca8,H_gamma_0.20,H_gamma,0.2,True,,,,both_censored,False
directional_calibrated_domain,transition,48,20270712,8,97596277,completed,0.05,0.9,1.0,4.5,30,90,120,0.1,8343922879,sha256:0a994bea874fc9c47544169cd31bbc317c88690dfe1b6fa7548516e35fd7bca8,H_alpha_0.05,H_alpha,0.05,True,,,,both_censored,False
directional_calibrated_domain,transition,48,20270712,8,97596277,completed,0.05,0.9,1.0,4.5,30,90,120,0.1,8343922879,sha256:0a994bea874fc9c47544169cd31bbc317c88690dfe1b6fa7548516e35fd7bca8,H_alpha_0.10,H_alpha,0.1,True,,,,both_censored,False
directional_calibrated_domain,transition,48,20270712,8,97596277,completed,0.05,0.9,1.0,4.5,30,90,120,0.1,8343922879,sha256:0a994bea874fc9c47544169cd31bbc317c88690dfe1b6fa7548516e35fd7bca8,H_alpha_0.20,H_alpha,0.2,True,,,,both_censored,False
directional_calibrated_domain,transition,48,20270712,8,97596277,completed,0.05,0.9,1.0,4.5,30,90,120,0.1,8343922879,sha256:0a994bea874fc9c47544169cd31bbc317c88690dfe1b6fa7548516e35fd7bca8,H_gamma_0.05,H_gamma,0.05,True,,,,both_censored,False
directional_calibrated_domain,transition,48,20270712,8,97596277,completed,0.05,0.9,1.0,4.5,30,90,120,0.1,8343922879,sha256:0a994bea874fc9c47544169cd31bbc317c88690dfe1b6fa7548516e35fd7bca8,H_gamma_0.10,H_gamma,0.1,True,,,,both_censored,False
directional_calibrated_domain,transition,48,20270712,8,97596277,completed,0.05,0.9,1.0,4.5,30,90,120,0.1,8343922879,sha256:0a994bea874fc9c47544169cd31bbc317c88690dfe1b6fa7548516e35fd7bca8,H_gamma_0.20,H_gamma,0.2,True,,,,both_censored,False
directional_calibrated_domain,transition,49,20270712,9,97596378,completed,0.05,0.9,1.0,4.5,30,90,120,0.1,8343922879,sha256:0a994bea874fc9c47544169cd31bbc317c88690dfe1b6fa7548516e35fd7bca8,H_alpha_0.05,H_alpha,0.05,True,1,,,trait_loss_censored,False
directional_calibrated_domain,transition,49,20270712,9,97596378,completed,0.05,0.9,1.0,4.5,30,90,120,0.1,8343922879,sha256:0a994bea874fc9c47544169cd31bbc317c88690dfe1b6fa7548516e35fd7bca8,H_alpha_0.10,H_alpha,0.1,True,1,,,trait_loss_censored,False
directional_calibrated_domain,transition,49,20270712,9,97596378,completed,0.05,0.9,1.0,4.5,30,90,120,0.1,8343922879,sha256:0a994bea874fc9c47544169cd31bbc317c88690dfe1b6fa7548516e35fd7bca8,H_alpha_0.20,H_alpha,0.2,True,1,,,trait_loss_censored,False
directional_calibrated_domain,transition,49,20270712,9,97596378,completed,0.05,0.9,1.0,4.5,30,90,120,0.1,8343922879,sha256:0a994bea874fc9c47544169cd31bbc317c88690dfe1b6fa7548516e35fd7bca8,H_gamma_0.05,H_gamma,0.05,True,1,,,trait_loss_censored,False
directional_calibrated_domain,transition,49,20270712,9,97596378,completed,0.05,0.9,1.0,4.5,30,90,120,0.1,8343922879,sha256:0a994bea874fc9c47544169cd31bbc317c88690dfe1b6fa7548516e35fd7bca8,H_gamma_0.10,H_gamma,0.1,True,1,,,trait_loss_censored,False
directional_calibrated_domain,transition,49,20270712,9,97596378,completed,0.05,0.9,1.0,4.5,30,90,120,0.1,8343922879,sha256:0a994bea874fc9c47544169cd31bbc317c88690dfe1b6fa7548516e35fd7bca8,H_gamma_0.20,H_gamma,0.2,True,1,,,trait_loss_censored,False
directional_calibrated_domain,transition,50,20270712,10,97596479,completed,0.05,0.9,1.0,4.5,30,90,120,0.1,8343922879,sha256:0a994bea874fc9c47544169cd31bbc317c88690dfe1b6fa7548516e35fd7bca8,H_alpha_0.05,H_alpha,0.05,True,19,102,83,lead,True
directional_calibrated_domain,transition,50,20270712,10,97596479,completed,0.05,0.9,1.0,4.5,30,90,120,0.1,8343922879,sha256:0a994bea874fc9c47544169cd31bbc317c88690dfe1b6fa7548516e35fd7bca8,H_alpha_0.10,H_alpha,0.1,True,19,102,83,lead,True
directional_calibrated_domain,transition,50,20270712,10,97596479,completed,0.05,0.9,1.0,4.5,30,90,120,0.1,8343922879,sha256:0a994bea874fc9c47544169cd31bbc317c88690dfe1b6fa7548516e35fd7bca8,H_alpha_0.20,H_alpha,0.2,True,22,102,80,lead,True
directional_calibrated_domain,transition,50,20270712,10,97596479,completed,0.05,0.9,1.0,4.5,30,90,120,0.1,8343922879,sha256:0a994bea874fc9c47544169cd31bbc317c88690dfe1b6fa7548516e35fd7bca8,H_gamma_0.05,H_gamma,0.05,True,108,102,-6,lag,True
directional_calibrated_domain,transition,50,20270712,10,97596479,completed,0.05,0.9,1.0,4.5,30,90,120,0.1,8343922879,sha256:0a994bea874fc9c47544169cd31bbc317c88690dfe1b6fa7548516e35fd7bca8,H_gamma_0.10,H_gamma,0.1,True,108,102,-6,lag,True
directional_calibrated_domain,transition,50,20270712,10,97596479,completed,0.05,0.9,1.0,4.5,30,90,120,0.1,8343922879,sha256:0a994bea874fc9c47544169cd31bbc317c88690dfe1b6fa7548516e35fd7bca8,H_gamma_0.20,H_gamma,0.2,True,108,102,-6,lag,True
directional_calibrated_domain,transition,51,20270712,11,97596580,completed,0.05,0.9,1.0,4.5,30,90,120,0.1,8343922879,sha256:0a994bea874fc9c47544169cd31bbc317c88690dfe1b6fa7548516e35fd7bca8,H_alpha_0.05,H_alpha,0.05,True,,88,,warning_censored,False
directional_calibrated_domain,transition,51,20270712,11,97596580,completed,0.05,0.9,1.0,4.5,30,90,120,0.1,8343922879,sha256:0a994bea874fc9c47544169cd31bbc317c88690dfe1b6fa7548516e35fd7bca8,H_alpha_0.10,H_alpha,0.1,True,,88,,warning_censored,False
directional_calibrated_domain,transition,51,20270712,11,97596580,completed,0.05,0.9,1.0,4.5,30,90,120,0.1,8343922879,sha256:0a994bea874fc9c47544169cd31bbc317c88690dfe1b6fa7548516e35fd7bca8,H_alpha_0.20,H_alpha,0.2,True,,88,,warning_censored,False
directional_calibrated_domain,transition,51,20270712,11,97596580,completed,0.05,0.9,1.0,4.5,30,90,120,0.1,8343922879,sha256:0a994bea874fc9c47544169cd31bbc317c88690dfe1b6fa7548516e35fd7bca8,H_gamma_0.05,H_gamma,0.05,True,,88,,warning_censored,False
directional_calibrated_domain,transition,51,20270712,11,97596580,completed,0.05,0.9,1.0,4.5,30,90,120,0.1,8343922879,sha256:0a994bea874fc9c47544169cd31bbc317c88690dfe1b6fa7548516e35fd7bca8,H_gamma_0.10,H_gamma,0.1,True,,88,,warning_censored,False
directional_calibrated_domain,transition,51,20270712,11,97596580,completed,0.05,0.9,1.0,4.5,30,90,120,0.1,8343922879,sha256:0a994bea874fc9c47544169cd31bbc317c88690dfe1b6fa7548516e35fd7bca8,H_gamma_0.20,H_gamma,0.2,True,,88,,warning_censored,False
directional_calibrated_domain,transition,52,20270712,12,97596681,completed,0.05,0.9,1.0,4.5,30,90,120,0.1,8343922879,sha256:0a994bea874fc9c47544169cd31bbc317c88690dfe1b6fa7548516e35fd7bca8,H_alpha_0.05,H_alpha,0.05,True,92,95,3,lead,True
directional_calibrated_domain,transition,52,20270712,12,97596681,completed,0.05,0.9,1.0,4.5,30,90,120,0.1,8343922879,sha256:0a994bea874fc9c47544169cd31bbc317c88690dfe1b6fa7548516e35fd7bca8,H_alpha_0.10,H_alpha,0.1,True,92,95,3,lead,True
directional_calibrated_domain,transition,52,20270712,12,97596681,completed,0.05,0.9,1.0,4.5,30,90,120,0.1,8343922879,sha256:0a994bea874fc9c47544169cd31bbc317c88690dfe1b6fa7548516e35fd7bca8,H_alpha_0.20,H_alpha,0.2,True,92,95,3,lead,True
directional_calibrated_domain,transition,52,20270712,12,97596681,completed,0.05,0.9,1.0,4.5,30,90,120,0.1,8343922879,sha256:0a994bea874fc9c47544169cd31bbc317c88690dfe1b6fa7548516e35fd7bca8,H_gamma_0.05,H_gamma,0.05,True,92,95,3,lead,True
directional_calibrated_domain,transition,52,20270712,12,97596681,completed,0.05,0.9,1.0,4.5,30,90,120,0.1,8343922879,sha256:0a994bea874fc9c47544169cd31bbc317c88690dfe1b6fa7548516e35fd7bca8,H_gamma_0.10,H_gamma,0.1,True,92,95,3,lead,True
directional_calibrated_domain,transition,52,20270712,12,97596681,completed,0.05,0.9,1.0,4.5,30,90,120,0.1,8343922879,sha256:0a994bea874fc9c47544169cd31bbc317c88690dfe1b6fa7548516e35fd7bca8,H_gamma_0.20,H_gamma,0.2,True,92,95,3,lead,True
directional_calibrated_domain,transition,53,20270712,13,97596782,completed,0.05,0.9,1.0,4.5,30,90,120,0.1,8343922879,sha256:0a994bea874fc9c47544169cd31bbc317c88690dfe1b6fa7548516e35fd7bca8,H_alpha_0.05,H_alpha,0.05,True,1,104,103,lead,True
directional_calibrated_domain,transition,53,20270712,13,97596782,completed,0.05,0.9,1.0,4.5,30,90,120,0.1,8343922879,sha256:0a994bea874fc9c47544169cd31bbc317c88690dfe1b6fa7548516e35fd7bca8,H_alpha_0.10,H_alpha,0.1,True,2,104,102,lead,True
directional_calibrated_domain,transition,53,20270712,13,97596782,completed,0.05,0.9,1.0,4.5,30,90,120,0.1,8343922879,sha256:0a994bea874fc9c47544169cd31bbc317c88690dfe1b6fa7548516e35fd7bca8,H_alpha_0.20,H_alpha,0.2,True,2,104,102,lead,True
directional_calibrated_domain,transition,53,20270712,13,97596782,completed,0.05,0.9,1.0,4.5,30,90,120,0.1,8343922879,sha256:0a994bea874fc9c47544169cd31bbc317c88690dfe1b6fa7548516e35fd7bca8,H_gamma_0.05,H_gamma,0.05,True,2,104,102,lead,True
directional_calibrated_domain,transition,53,20270712,13,97596782,completed,0.05,0.9,1.0,4.5,30,90,120,0.1,8343922879,sha256:0a994bea874fc9c47544169cd31bbc317c88690dfe1b6fa7548516e35fd7bca8,H_gamma_0.10,H_gamma,0.1,True,2,104,102,lead,True
directional_calibrated_domain,transition,53,20270712,13,97596782,completed,0.05,0.9,1.0,4.5,30,90,120,0.1,8343922879,sha256:0a994bea874fc9c47544169cd31bbc317c88690dfe1b6fa7548516e35fd7bca8,H_gamma_0.20,H_gamma,0.2,True,2,104,102,lead,True
directional_calibrated_domain,transition,54,20270712,14,97596883,completed,0.05,0.9,1.0,4.5,30,90,120,0.1,8343922879,sha256:0a994bea874fc9c47544169cd31bbc317c88690dfe1b6fa7548516e35fd7bca8,H_alpha_0.05,H_alpha,0.05,True,1,37,36,lead,True
directional_calibrated_domain,transition,54,20270712,14,97596883,completed,0.05,0.9,1.0,4.5,30,90,120,0.1,8343922879,sha256:0a994bea874fc9c47544169cd31bbc317c88690dfe1b6fa7548516e35fd7bca8,H_alpha_0.10,H_alpha,0.1,True,1,37,36,lead,True
directional_calibrated_domain,transition,54,20270712,14,97596883,completed,0.05,0.9,1.0,4.5,30,90,120,0.1,8343922879,sha256:0a994bea874fc9c47544169cd31bbc317c88690dfe1b6fa7548516e35fd7bca8,H_alpha_0.20,H_alpha,0.2,True,51,37,-14,lag,True
directional_calibrated_domain,transition,54,20270712,14,97596883,completed,0.05,0.9,1.0,4.5,30,90,120,0.1,8343922879,sha256:0a994bea874fc9c47544169cd31bbc317c88690dfe1b6fa7548516e35fd7bca8,H_gamma_0.05,H_gamma,0.05,True,1,37,36,lead,True
directional_calibrated_domain,transition,54,20270712,14,97596883,completed,0.05,0.9,1.0,4.5,30,90,120,0.1,8343922879,sha256:0a994bea874fc9c47544169cd31bbc317c88690dfe1b6fa7548516e35fd7bca8,H_gamma_0.10,H_gamma,0.1,True,1,37,36,lead,True
directional_calibrated_domain,transition,54,20270712,14,97596883,completed,0.05,0.9,1.0,4.5,30,90,120,0.1,8343922879,sha256:0a994bea874fc9c47544169cd31bbc317c88690dfe1b6fa7548516e35fd7bca8,H_gamma_0.20,H_gamma,0.2,True,54,37,-17,lag,True
directional_calibrated_domain,transition,55,20270712,15,97596984,completed,0.05,0.9,1.0,4.5,30,90,120,0.1,8343922879,sha256:0a994bea874fc9c47544169cd31bbc317c88690dfe1b6fa7548516e35fd7bca8,H_alpha_0.05,H_alpha,0.05,True,28,,,trait_loss_censored,False
directional_calibrated_domain,transition,55,20270712,15,97596984,completed,0.05,0.9,1.0,4.5,30,90,120,0.1,8343922879,sha256:0a994bea874fc9c47544169cd31bbc317c88690dfe1b6fa7548516e35fd7bca8,H_alpha_0.10,H_alpha,0.1,True,28,,,trait_loss_censored,False
directional_calibrated_domain,transition,55,20270712,15,97596984,completed,0.05,0.9,1.0,4.5,30,90,120,0.1,8343922879,sha256:0a994bea874fc9c47544169cd31bbc317c88690dfe1b6fa7548516e35fd7bca8,H_alpha_0.20,H_alpha,0.2,True,,,,both_censored,False
directional_calibrated_domain,transition,55,20270712,15,97596984,completed,0.05,0.9,1.0,4.5,30,90,120,0.1,8343922879,sha256:0a994bea874fc9c47544169cd31bbc317c88690dfe1b6fa7548516e35fd7bca8,H_gamma_0.05,H_gamma,0.05,True,,,,both_censored,False
directional_calibrated_domain,transition,55,20270712,15,97596984,completed,0.05,0.9,1.0,4.5,30,90,120,0.1,8343922879,sha256:0a994bea874fc9c47544169cd31bbc317c88690dfe1b6fa7548516e35fd7bca8,H_gamma_0.10,H_gamma,0.1,True,,,,both_censored,False
directional_calibrated_domain,transition,55,20270712,15,97596984,completed,0.05,0.9,1.0,4.5,30,90,120,0.1,8343922879,sha256:0a994bea874fc9c47544169cd31bbc317c88690dfe1b6fa7548516e35fd7bca8,H_gamma_0.20,H_gamma,0.2,True,,,,both_censored,False
directional_calibrated_domain,transition,56,20270712,16,97597085,completed,0.05,0.9,1.0,4.5,30,90,120,0.1,8343922879,sha256:0a994bea874fc9c47544169cd31bbc317c88690dfe1b6fa7548516e35fd7bca8,H_alpha_0.05,H_alpha,0.05,True,,,,both_censored,False
directional_calibrated_domain,transition,56,20270712,16,97597085,completed,0.05,0.9,1.0,4.5,30,90,120,0.1,8343922879,sha256:0a994bea874fc9c47544169cd31bbc317c88690dfe1b6fa7548516e35fd7bca8,H_alpha_0.10,H_alpha,0.1,True,,,,both_censored,False
directional_calibrated_domain,transition,56,20270712,16,97597085,completed,0.05,0.9,1.0,4.5,30,90,120,0.1,8343922879,sha256:0a994bea874fc9c47544169cd31bbc317c88690dfe1b6fa7548516e35fd7bca8,H_alpha_0.20,H_alpha,0.2,True,,,,both_censored,False
directional_calibrated_domain,transition,56,20270712,16,97597085,completed,0.05,0.9,1.0,4.5,30,90,120,0.1,8343922879,sha256:0a994bea874fc9c47544169cd31bbc317c88690dfe1b6fa7548516e35fd7bca8,H_gamma_0.05,H_gamma,0.05,True,,,,both_censored,False
directional_calibrated_domain,transition,56,20270712,16,97597085,completed,0.05,0.9,1.0,4.5,30,90,120,0.1,8343922879,sha256:0a994bea874fc9c47544169cd31bbc317c88690dfe1b6fa7548516e35fd7bca8,H_gamma_0.10,H_gamma,0.1,True,,,,both_censored,False
directional_calibrated_domain,transition,56,20270712,16,97597085,completed,0.05,0.9,1.0,4.5,30,90,120,0.1,8343922879,sha256:0a994bea874fc9c47544169cd31bbc317c88690dfe1b6fa7548516e35fd7bca8,H_gamma_0.20,H_gamma,0.2,True,,,,both_censored,False
directional_calibrated_domain,transition,57,20270712,17,97597186,completed,0.05,0.9,1.0,4.5,30,90,120,0.1,8343922879,sha256:0a994bea874fc9c47544169cd31bbc317c88690dfe1b6fa7548516e35fd7bca8,H_alpha_0.05,H_alpha,0.05,True,1,82,81,lead,True
directional_calibrated_domain,transition,57,20270712,17,97597186,completed,0.05,0.9,1.0,4.5,30,90,120,0.1,8343922879,sha256:0a994bea874fc9c47544169cd31bbc317c88690dfe1b6fa7548516e35fd7bca8,H_alpha_0.10,H_alpha,0.1,True,1,82,81,lead,True
directional_calibrated_domain,transition,57,20270712,17,97597186,completed,0.05,0.9,1.0,4.5,30,90,120,0.1,8343922879,sha256:0a994bea874fc9c47544169cd31bbc317c88690dfe1b6fa7548516e35fd7bca8,H_alpha_0.20,H_alpha,0.2,True,1,82,81,lead,True
directional_calibrated_domain,transition,57,20270712,17,97597186,completed,0.05,0.9,1.0,4.5,30,90,120,0.1,8343922879,sha256:0a994bea874fc9c47544169cd31bbc317c88690dfe1b6fa7548516e35fd7bca8,H_gamma_0.05,H_gamma,0.05,True,1,82,81,lead,True
directional_calibrated_domain,transition,57,20270712,17,97597186,completed,0.05,0.9,1.0,4.5,30,90,120,0.1,8343922879,sha256:0a994bea874fc9c47544169cd31bbc317c88690dfe1b6fa7548516e35fd7bca8,H_gamma_0.10,H_gamma,0.1,True,1,82,81,lead,True
directional_calibrated_domain,transition,57,20270712,17,97597186,completed,0.05,0.9,1.0,4.5,30,90,120,0.1,8343922879,sha256:0a994bea874fc9c47544169cd31bbc317c88690dfe1b6fa7548516e35fd7bca8,H_gamma_0.20,H_gamma,0.2,True,1,82,81,lead,True
directional_calibrated_domain,transition,58,20270712,18,97597287,completed,0.05,0.9,1.0,4.5,30,90,120,0.1,8343922879,sha256:0a994bea874fc9c47544169cd31bbc317c88690dfe1b6fa7548516e35fd7bca8,H_alpha_0.05,H_alpha,0.05,True,,,,both_censored,False
directional_calibrated_domain,transition,58,20270712,18,97597287,completed,0.05,0.9,1.0,4.5,30,90,120,0.1,8343922879,sha256:0a994bea874fc9c47544169cd31bbc317c88690dfe1b6fa7548516e35fd7bca8,H_alpha_0.10,H_alpha,0.1,True,,,,both_censored,False
directional_calibrated_domain,transition,58,20270712,18,97597287,completed,0.05,0.9,1.0,4.5,30,90,120,0.1,8343922879,sha256:0a994bea874fc9c47544169cd31bbc317c88690dfe1b6fa7548516e35fd7bca8,H_alpha_0.20,H_alpha,0.2,True,,,,both_censored,False
directional_calibrated_domain,transition,58,20270712,18,97597287,completed,0.05,0.9,1.0,4.5,30,90,120,0.1,8343922879,sha256:0a994bea874fc9c47544169cd31bbc317c88690dfe1b6fa7548516e35fd7bca8,H_gamma_0.05,H_gamma,0.05,True,,,,both_censored,False
directional_calibrated_domain,transition,58,20270712,18,97597287,completed,0.05,0.9,1.0,4.5,30,90,120,0.1,8343922879,sha256:0a994bea874fc9c47544169cd31bbc317c88690dfe1b6fa7548516e35fd7bca8,H_gamma_0.10,H_gamma,0.1,True,,,,both_censored,False
directional_calibrated_domain,transition,58,20270712,18,97597287,completed,0.05,0.9,1.0,4.5,30,90,120,0.1,8343922879,sha256:0a994bea874fc9c47544169cd31bbc317c88690dfe1b6fa7548516e35fd7bca8,H_gamma_0.20,H_gamma,0.2,True,,,,both_censored,False
directional_calibrated_domain,transition,59,20270712,19,97597388,completed,0.05,0.9,1.0,4.5,30,90,120,0.1,8343922879,sha256:0a994bea874fc9c47544169cd31bbc317c88690dfe1b6fa7548516e35fd7bca8,H_alpha_0.05,H_alpha,0.05,True,1,94,93,lead,True
directional_calibrated_domain,transition,59,20270712,19,97597388,completed,0.05,0.9,1.0,4.5,30,90,120,0.1,8343922879,sha256:0a994bea874fc9c47544169cd31bbc317c88690dfe1b6fa7548516e35fd7bca8,H_alpha_0.10,H_alpha,0.1,True,1,94,93,lead,True
directional_calibrated_domain,transition,59,20270712,19,97597388,completed,0.05,0.9,1.0,4.5,30,90,120,0.1,8343922879,sha256:0a994bea874fc9c47544169cd31bbc317c88690dfe1b6fa7548516e35fd7bca8,H_alpha_0.20,H_alpha,0.2,True,1,94,93,lead,True
directional_calibrated_domain,transition,59,20270712,19,97597388,completed,0.05,0.9,1.0,4.5,30,90,120,0.1,8343922879,sha256:0a994bea874fc9c47544169cd31bbc317c88690dfe1b6fa7548516e35fd7bca8,H_gamma_0.05,H_gamma,0.05,True,1,94,93,lead,True
directional_calibrated_domain,transition,59,20270712,19,97597388,completed,0.05,0.9,1.0,4.5,30,90,120,0.1,8343922879,sha256:0a994bea874fc9c47544169cd31bbc317c88690dfe1b6fa7548516e35fd7bca8,H_gamma_0.10,H_gamma,0.1,True,1,94,93,lead,True
directional_calibrated_domain,transition,59,20270712,19,97597388,completed,0.05,0.9,1.0,4.5,30,90,120,0.1,8343922879,sha256:0a994bea874fc9c47544169cd31bbc317c88690dfe1b6fa7548516e35fd7bca8,H_gamma_0.20,H_gamma,0.2,True,1,94,93,lead,True
directional_calibrated_domain,transition,60,20270713,0,1523699623,completed,0.05,0.9,1.0,4.5,30,90,120,0.1,8343922879,sha256:0a994bea874fc9c47544169cd31bbc317c88690dfe1b6fa7548516e35fd7bca8,H_alpha_0.05,H_alpha,0.05,True,,35,,warning_censored,False
directional_calibrated_domain,transition,60,20270713,0,1523699623,completed,0.05,0.9,1.0,4.5,30,90,120,0.1,8343922879,sha256:0a994bea874fc9c47544169cd31bbc317c88690dfe1b6fa7548516e35fd7bca8,H_alpha_0.10,H_alpha,0.1,True,,35,,warning_censored,False
directional_calibrated_domain,transition,60,20270713,0,1523699623,completed,0.05,0.9,1.0,4.5,30,90,120,0.1,8343922879,sha256:0a994bea874fc9c47544169cd31bbc317c88690dfe1b6fa7548516e35fd7bca8,H_alpha_0.20,H_alpha,0.2,True,,35,,warning_censored,False
directional_calibrated_domain,transition,60,20270713,0,1523699623,completed,0.05,0.9,1.0,4.5,30,90,120,0.1,8343922879,sha256:0a994bea874fc9c47544169cd31bbc317c88690dfe1b6fa7548516e35fd7bca8,H_gamma_0.05,H_gamma,0.05,True,,35,,warning_censored,False
directional_calibrated_domain,transition,60,20270713,0,1523699623,completed,0.05,0.9,1.0,4.5,30,90,120,0.1,8343922879,sha256:0a994bea874fc9c47544169cd31bbc317c88690dfe1b6fa7548516e35fd7bca8,H_gamma_0.10,H_gamma,0.1,True,,35,,warning_censored,False
directional_calibrated_domain,transition,60,20270713,0,1523699623,completed,0.05,0.9,1.0,4.5,30,90,120,0.1,8343922879,sha256:0a994bea874fc9c47544169cd31bbc317c88690dfe1b6fa7548516e35fd7bca8,H_gamma_0.20,H_gamma,0.2,True,,35,,warning_censored,False
directional_calibrated_domain,transition,61,20270713,1,1523699724,completed,0.05,0.9,1.0,4.5,30,90,120,0.1,8343922879,sha256:0a994bea874fc9c47544169cd31bbc317c88690dfe1b6fa7548516e35fd7bca8,H_alpha_0.05,H_alpha,0.05,True,3,113,110,lead,True
directional_calibrated_domain,transition,61,20270713,1,1523699724,completed,0.05,0.9,1.0,4.5,30,90,120,0.1,8343922879,sha256:0a994bea874fc9c47544169cd31bbc317c88690dfe1b6fa7548516e35fd7bca8,H_alpha_0.10,H_alpha,0.1,True,3,113,110,lead,True
directional_calibrated_domain,transition,61,20270713,1,1523699724,completed,0.05,0.9,1.0,4.5,30,90,120,0.1,8343922879,sha256:0a994bea874fc9c47544169cd31bbc317c88690dfe1b6fa7548516e35fd7bca8,H_alpha_0.20,H_alpha,0.2,True,3,113,110,lead,True
directional_calibrated_domain,transition,61,20270713,1,1523699724,completed,0.05,0.9,1.0,4.5,30,90,120,0.1,8343922879,sha256:0a994bea874fc9c47544169cd31bbc317c88690dfe1b6fa7548516e35fd7bca8,H_gamma_0.05,H_gamma,0.05,True,3,113,110,lead,True
directional_calibrated_domain,transition,61,20270713,1,1523699724,completed,0.05,0.9,1.0,4.5,30,90,120,0.1,8343922879,sha256:0a994bea874fc9c47544169cd31bbc317c88690dfe1b6fa7548516e35fd7bca8,H_gamma_0.10,H_gamma,0.1,True,3,113,110,lead,True
directional_calibrated_domain,transition,61,20270713,1,1523699724,completed,0.05,0.9,1.0,4.5,30,90,120,0.1,8343922879,sha256:0a994bea874fc9c47544169cd31bbc317c88690dfe1b6fa7548516e35fd7bca8,H_gamma_0.20,H_gamma,0.2,True,3,113,110,lead,True
directional_calibrated_domain,transition,62,20270713,2,1523699825,completed,0.05,0.9,1.0,4.5,30,90,120,0.1,8343922879,sha256:0a994bea874fc9c47544169cd31bbc317c88690dfe1b6fa7548516e35fd7bca8,H_alpha_0.05,H_alpha,0.05,True,4,51,47,lead,True
directional_calibrated_domain,transition,62,20270713,2,1523699825,completed,0.05,0.9,1.0,4.5,30,90,120,0.1,8343922879,sha256:0a994bea874fc9c47544169cd31bbc317c88690dfe1b6fa7548516e35fd7bca8,H_alpha_0.10,H_alpha,0.1,True,4,51,47,lead,True
directional_calibrated_domain,transition,62,20270713,2,1523699825,completed,0.05,0.9,1.0,4.5,30,90,120,0.1,8343922879,sha256:0a994bea874fc9c47544169cd31bbc317c88690dfe1b6fa7548516e35fd7bca8,H_alpha_0.20,H_alpha,0.2,True,4,51,47,lead,True
directional_calibrated_domain,transition,62,20270713,2,1523699825,completed,0.05,0.9,1.0,4.5,30,90,120,0.1,8343922879,sha256:0a994bea874fc9c47544169cd31bbc317c88690dfe1b6fa7548516e35fd7bca8,H_gamma_0.05,H_gamma,0.05,True,4,51,47,lead,True
directional_calibrated_domain,transition,62,20270713,2,1523699825,completed,0.05,0.9,1.0,4.5,30,90,120,0.1,8343922879,sha256:0a994bea874fc9c47544169cd31bbc317c88690dfe1b6fa7548516e35fd7bca8,H_gamma_0.10,H_gamma,0.1,True,4,51,47,lead,True
directional_calibrated_domain,transition,62,20270713,2,1523699825,completed,0.05,0.9,1.0,4.5,30,90,120,0.1,8343922879,sha256:0a994bea874fc9c47544169cd31bbc317c88690dfe1b6fa7548516e35fd7bca8,H_gamma_0.20,H_gamma,0.2,True,4,51,47,lead,True
directional_calibrated_domain,transition,63,20270713,3,1523699926,source_preparation_failed,0.05,0.9,1.0,4.5,30,90,120,0.1,8343922879,sha256:0a994bea874fc9c47544169cd31bbc317c88690dfe1b6fa7548516e35fd7bca8,H_alpha_0.05,H_alpha,0.05,False,,,,source_preparation_failed,False
directional_calibrated_domain,transition,63,20270713,3,1523699926,source_preparation_failed,0.05,0.9,1.0,4.5,30,90,120,0.1,8343922879,sha256:0a994bea874fc9c47544169cd31bbc317c88690dfe1b6fa7548516e35fd7bca8,H_alpha_0.10,H_alpha,0.1,False,,,,source_preparation_failed,False
directional_calibrated_domain,transition,63,20270713,3,1523699926,source_preparation_failed,0.05,0.9,1.0,4.5,30,90,120,0.1,8343922879,sha256:0a994bea874fc9c47544169cd31bbc317c88690dfe1b6fa7548516e35fd7bca8,H_alpha_0.20,H_alpha,0.2,False,,,,source_preparation_failed,False
directional_calibrated_domain,transition,63,20270713,3,1523699926,source_preparation_failed,0.05,0.9,1.0,4.5,30,90,120,0.1,8343922879,sha256:0a994bea874fc9c47544169cd31bbc317c88690dfe1b6fa7548516e35fd7bca8,H_gamma_0.05,H_gamma,0.05,False,,,,source_preparation_failed,False
directional_calibrated_domain,transition,63,20270713,3,1523699926,source_preparation_failed,0.05,0.9,1.0,4.5,30,90,120,0.1,8343922879,sha256:0a994bea874fc9c47544169cd31bbc317c88690dfe1b6fa7548516e35fd7bca8,H_gamma_0.10,H_gamma,0.1,False,,,,source_preparation_failed,False
directional_calibrated_domain,transition,63,20270713,3,1523699926,source_preparation_failed,0.05,0.9,1.0,4.5,30,90,120,0.1,8343922879,sha256:0a994bea874fc9c47544169cd31bbc317c88690dfe1b6fa7548516e35fd7bca8,H_gamma_0.20,H_gamma,0.2,False,,,,source_preparation_failed,False
directional_calibrated_domain,transition,64,20270713,4,1523700027,completed,0.05,0.9,1.0,4.5,30,90,120,0.1,8343922879,sha256:0a994bea874fc9c47544169cd31bbc317c88690dfe1b6fa7548516e35fd7bca8,H_alpha_0.05,H_alpha,0.05,True,1,,,trait_loss_censored,False
directional_calibrated_domain,transition,64,20270713,4,1523700027,completed,0.05,0.9,1.0,4.5,30,90,120,0.1,8343922879,sha256:0a994bea874fc9c47544169cd31bbc317c88690dfe1b6fa7548516e35fd7bca8,H_alpha_0.10,H_alpha,0.1,True,1,,,trait_loss_censored,False
directional_calibrated_domain,transition,64,20270713,4,1523700027,completed,0.05,0.9,1.0,4.5,30,90,120,0.1,8343922879,sha256:0a994bea874fc9c47544169cd31bbc317c88690dfe1b6fa7548516e35fd7bca8,H_alpha_0.20,H_alpha,0.2,True,1,,,trait_loss_censored,False
directional_calibrated_domain,transition,64,20270713,4,1523700027,completed,0.05,0.9,1.0,4.5,30,90,120,0.1,8343922879,sha256:0a994bea874fc9c47544169cd31bbc317c88690dfe1b6fa7548516e35fd7bca8,H_gamma_0.05,H_gamma,0.05,True,1,,,trait_loss_censored,False
directional_calibrated_domain,transition,64,20270713,4,1523700027,completed,0.05,0.9,1.0,4.5,30,90,120,0.1,8343922879,sha256:0a994bea874fc9c47544169cd31bbc317c88690dfe1b6fa7548516e35fd7bca8,H_gamma_0.10,H_gamma,0.1,True,1,,,trait_loss_censored,False
directional_calibrated_domain,transition,64,20270713,4,1523700027,completed,0.05,0.9,1.0,4.5,30,90,120,0.1,8343922879,sha256:0a994bea874fc9c47544169cd31bbc317c88690dfe1b6fa7548516e35fd7bca8,H_gamma_0.20,H_gamma,0.2,True,1,,,trait_loss_censored,False
directional_calibrated_domain,transition,65,20270713,5,1523700128,completed,0.05,0.9,1.0,4.5,30,90,120,0.1,8343922879,sha256:0a994bea874fc9c47544169cd31bbc317c88690dfe1b6fa7548516e35fd7bca8,H_alpha_0.05,H_alpha,0.05,False,,,,baseline_ineligible,False
directional_calibrated_domain,transition,65,20270713,5,1523700128,completed,0.05,0.9,1.0,4.5,30,90,120,0.1,8343922879,sha256:0a994bea874fc9c47544169cd31bbc317c88690dfe1b6fa7548516e35fd7bca8,H_alpha_0.10,H_alpha,0.1,False,,,,baseline_ineligible,False
directional_calibrated_domain,transition,65,20270713,5,1523700128,completed,0.05,0.9,1.0,4.5,30,90,120,0.1,8343922879,sha256:0a994bea874fc9c47544169cd31bbc317c88690dfe1b6fa7548516e35fd7bca8,H_alpha_0.20,H_alpha,0.2,False,,,,baseline_ineligible,False
directional_calibrated_domain,transition,65,20270713,5,1523700128,completed,0.05,0.9,1.0,4.5,30,90,120,0.1,8343922879,sha256:0a994bea874fc9c47544169cd31bbc317c88690dfe1b6fa7548516e35fd7bca8,H_gamma_0.05,H_gamma,0.05,False,,,,baseline_ineligible,False
directional_calibrated_domain,transition,65,20270713,5,1523700128,completed,0.05,0.9,1.0,4.5,30,90,120,0.1,8343922879,sha256:0a994bea874fc9c47544169cd31bbc317c88690dfe1b6fa7548516e35fd7bca8,H_gamma_0.10,H_gamma,0.1,False,,,,baseline_ineligible,False
directional_calibrated_domain,transition,65,20270713,5,1523700128,completed,0.05,0.9,1.0,4.5,30,90,120,0.1,8343922879,sha256:0a994bea874fc9c47544169cd31bbc317c88690dfe1b6fa7548516e35fd7bca8,H_gamma_0.20,H_gamma,0.2,False,,,,baseline_ineligible,False
directional_calibrated_domain,transition,66,20270713,6,1523700229,source_preparation_failed,0.05,0.9,1.0,4.5,30,90,120,0.1,8343922879,sha256:0a994bea874fc9c47544169cd31bbc317c88690dfe1b6fa7548516e35fd7bca8,H_alpha_0.05,H_alpha,0.05,False,,,,source_preparation_failed,False
directional_calibrated_domain,transition,66,20270713,6,1523700229,source_preparation_failed,0.05,0.9,1.0,4.5,30,90,120,0.1,8343922879,sha256:0a994bea874fc9c47544169cd31bbc317c88690dfe1b6fa7548516e35fd7bca8,H_alpha_0.10,H_alpha,0.1,False,,,,source_preparation_failed,False
directional_calibrated_domain,transition,66,20270713,6,1523700229,source_preparation_failed,0.05,0.9,1.0,4.5,30,90,120,0.1,8343922879,sha256:0a994bea874fc9c47544169cd31bbc317c88690dfe1b6fa7548516e35fd7bca8,H_alpha_0.20,H_alpha,0.2,False,,,,source_preparation_failed,False
directional_calibrated_domain,transition,66,20270713,6,1523700229,source_preparation_failed,0.05,0.9,1.0,4.5,30,90,120,0.1,8343922879,sha256:0a994bea874fc9c47544169cd31bbc317c88690dfe1b6fa7548516e35fd7bca8,H_gamma_0.05,H_gamma,0.05,False,,,,source_preparation_failed,False
directional_calibrated_domain,transition,66,20270713,6,1523700229,source_preparation_failed,0.05,0.9,1.0,4.5,30,90,120,0.1,8343922879,sha256:0a994bea874fc9c47544169cd31bbc317c88690dfe1b6fa7548516e35fd7bca8,H_gamma_0.10,H_gamma,0.1,False,,,,source_preparation_failed,False
directional_calibrated_domain,transition,66,20270713,6,1523700229,source_preparation_failed,0.05,0.9,1.0,4.5,30,90,120,0.1,8343922879,sha256:0a994bea874fc9c47544169cd31bbc317c88690dfe1b6fa7548516e35fd7bca8,H_gamma_0.20,H_gamma,0.2,False,,,,source_preparation_failed,False
directional_calibrated_domain,transition,67,20270713,7,1523700330,completed,0.05,0.9,1.0,4.5,30,90,120,0.1,8343922879,sha256:0a994bea874fc9c47544169cd31bbc317c88690dfe1b6fa7548516e35fd7bca8,H_alpha_0.05,H_alpha,0.05,True,,,,both_censored,False
directional_calibrated_domain,transition,67,20270713,7,1523700330,completed,0.05,0.9,1.0,4.5,30,90,120,0.1,8343922879,sha256:0a994bea874fc9c47544169cd31bbc317c88690dfe1b6fa7548516e35fd7bca8,H_alpha_0.10,H_alpha,0.1,True,,,,both_censored,False
directional_calibrated_domain,transition,67,20270713,7,1523700330,completed,0.05,0.9,1.0,4.5,30,90,120,0.1,8343922879,sha256:0a994bea874fc9c47544169cd31bbc317c88690dfe1b6fa7548516e35fd7bca8,H_alpha_0.20,H_alpha,0.2,True,,,,both_censored,False
directional_calibrated_domain,transition,67,20270713,7,1523700330,completed,0.05,0.9,1.0,4.5,30,90,120,0.1,8343922879,sha256:0a994bea874fc9c47544169cd31bbc317c88690dfe1b6fa7548516e35fd7bca8,H_gamma_0.05,H_gamma,0.05,True,,,,both_censored,False
directional_calibrated_domain,transition,67,20270713,7,1523700330,completed,0.05,0.9,1.0,4.5,30,90,120,0.1,8343922879,sha256:0a994bea874fc9c47544169cd31bbc317c88690dfe1b6fa7548516e35fd7bca8,H_gamma_0.10,H_gamma,0.1,True,,,,both_censored,False
directional_calibrated_domain,transition,67,20270713,7,1523700330,completed,0.05,0.9,1.0,4.5,30,90,120,0.1,8343922879,sha256:0a994bea874fc9c47544169cd31bbc317c88690dfe1b6fa7548516e35fd7bca8,H_gamma_0.20,H_gamma,0.2,True,,,,both_censored,False
directional_calibrated_domain,transition,68,20270713,8,1523700431,completed,0.05,0.9,1.0,4.5,30,90,120,0.1,8343922879,sha256:0a994bea874fc9c47544169cd31bbc317c88690dfe1b6fa7548516e35fd7bca8,H_alpha_0.05,H_alpha,0.05,True,1,33,32,lead,True
directional_calibrated_domain,transition,68,20270713,8,1523700431,completed,0.05,0.9,1.0,4.5,30,90,120,0.1,8343922879,sha256:0a994bea874fc9c47544169cd31bbc317c88690dfe1b6fa7548516e35fd7bca8,H_alpha_0.10,H_alpha,0.1,True,1,33,32,lead,True
directional_calibrated_domain,transition,68,20270713,8,1523700431,completed,0.05,0.9,1.0,4.5,30,90,120,0.1,8343922879,sha256:0a994bea874fc9c47544169cd31bbc317c88690dfe1b6fa7548516e35fd7bca8,H_alpha_0.20,H_alpha,0.2,True,1,33,32,lead,True
directional_calibrated_domain,transition,68,20270713,8,1523700431,completed,0.05,0.9,1.0,4.5,30,90,120,0.1,8343922879,sha256:0a994bea874fc9c47544169cd31bbc317c88690dfe1b6fa7548516e35fd7bca8,H_gamma_0.05,H_gamma,0.05,True,1,33,32,lead,True
directional_calibrated_domain,transition,68,20270713,8,1523700431,completed,0.05,0.9,1.0,4.5,30,90,120,0.1,8343922879,sha256:0a994bea874fc9c47544169cd31bbc317c88690dfe1b6fa7548516e35fd7bca8,H_gamma_0.10,H_gamma,0.1,True,1,33,32,lead,True
directional_calibrated_domain,transition,68,20270713,8,1523700431,completed,0.05,0.9,1.0,4.5,30,90,120,0.1,8343922879,sha256:0a994bea874fc9c47544169cd31bbc317c88690dfe1b6fa7548516e35fd7bca8,H_gamma_0.20,H_gamma,0.2,True,1,33,32,lead,True
directional_calibrated_domain,transition,69,20270713,9,1523700532,completed,0.05,0.9,1.0,4.5,30,90,120,0.1,8343922879,sha256:0a994bea874fc9c47544169cd31bbc317c88690dfe1b6fa7548516e35fd7bca8,H_alpha_0.05,H_alpha,0.05,False,,117,,baseline_ineligible,False
directional_calibrated_domain,transition,69,20270713,9,1523700532,completed,0.05,0.9,1.0,4.5,30,90,120,0.1,8343922879,sha256:0a994bea874fc9c47544169cd31bbc317c88690dfe1b6fa7548516e35fd7bca8,H_alpha_0.10,H_alpha,0.1,False,,117,,baseline_ineligible,False
directional_calibrated_domain,transition,69,20270713,9,1523700532,completed,0.05,0.9,1.0,4.5,30,90,120,0.1,8343922879,sha256:0a994bea874fc9c47544169cd31bbc317c88690dfe1b6fa7548516e35fd7bca8,H_alpha_0.20,H_alpha,0.2,False,,117,,baseline_ineligible,False
directional_calibrated_domain,transition,69,20270713,9,1523700532,completed,0.05,0.9,1.0,4.5,30,90,120,0.1,8343922879,sha256:0a994bea874fc9c47544169cd31bbc317c88690dfe1b6fa7548516e35fd7bca8,H_gamma_0.05,H_gamma,0.05,False,,117,,baseline_ineligible,False
directional_calibrated_domain,transition,69,20270713,9,1523700532,completed,0.05,0.9,1.0,4.5,30,90,120,0.1,8343922879,sha256:0a994bea874fc9c47544169cd31bbc317c88690dfe1b6fa7548516e35fd7bca8,H_gamma_0.10,H_gamma,0.1,False,,117,,baseline_ineligible,False
directional_calibrated_domain,transition,69,20270713,9,1523700532,completed,0.05,0.9,1.0,4.5,30,90,120,0.1,8343922879,sha256:0a994bea874fc9c47544169cd31bbc317c88690dfe1b6fa7548516e35fd7bca8,H_gamma_0.20,H_gamma,0.2,False,,117,,baseline_ineligible,False
directional_calibrated_domain,transition,70,20270713,10,1523700633,completed,0.05,0.9,1.0,4.5,30,90,120,0.1,8343922879,sha256:0a994bea874fc9c47544169cd31bbc317c88690dfe1b6fa7548516e35fd7bca8,H_alpha_0.05,H_alpha,0.05,True,2,,,trait_loss_censored,False
directional_calibrated_domain,transition,70,20270713,10,1523700633,completed,0.05,0.9,1.0,4.5,30,90,120,0.1,8343922879,sha256:0a994bea874fc9c47544169cd31bbc317c88690dfe1b6fa7548516e35fd7bca8,H_alpha_0.10,H_alpha,0.1,True,2,,,trait_loss_censored,False
directional_calibrated_domain,transition,70,20270713,10,1523700633,completed,0.05,0.9,1.0,4.5,30,90,120,0.1,8343922879,sha256:0a994bea874fc9c47544169cd31bbc317c88690dfe1b6fa7548516e35fd7bca8,H_alpha_0.20,H_alpha,0.2,True,2,,,trait_loss_censored,False
directional_calibrated_domain,transition,70,20270713,10,1523700633,completed,0.05,0.9,1.0,4.5,30,90,120,0.1,8343922879,sha256:0a994bea874fc9c47544169cd31bbc317c88690dfe1b6fa7548516e35fd7bca8,H_gamma_0.05,H_gamma,0.05,True,2,,,trait_loss_censored,False
directional_calibrated_domain,transition,70,20270713,10,1523700633,completed,0.05,0.9,1.0,4.5,30,90,120,0.1,8343922879,sha256:0a994bea874fc9c47544169cd31bbc317c88690dfe1b6fa7548516e35fd7bca8,H_gamma_0.10,H_gamma,0.1,True,2,,,trait_loss_censored,False
directional_calibrated_domain,transition,70,20270713,10,1523700633,completed,0.05,0.9,1.0,4.5,30,90,120,0.1,8343922879,sha256:0a994bea874fc9c47544169cd31bbc317c88690dfe1b6fa7548516e35fd7bca8,H_gamma_0.20,H_gamma,0.2,True,,,,both_censored,False
directional_calibrated_domain,transition,71,20270713,11,1523700734,completed,0.05,0.9,1.0,4.5,30,90,120,0.1,8343922879,sha256:0a994bea874fc9c47544169cd31bbc317c88690dfe1b6fa7548516e35fd7bca8,H_alpha_0.05,H_alpha,0.05,True,,,,both_censored,False
directional_calibrated_domain,transition,71,20270713,11,1523700734,completed,0.05,0.9,1.0,4.5,30,90,120,0.1,8343922879,sha256:0a994bea874fc9c47544169cd31bbc317c88690dfe1b6fa7548516e35fd7bca8,H_alpha_0.10,H_alpha,0.1,True,,,,both_censored,False
directional_calibrated_domain,transition,71,20270713,11,1523700734,completed,0.05,0.9,1.0,4.5,30,90,120,0.1,8343922879,sha256:0a994bea874fc9c47544169cd31bbc317c88690dfe1b6fa7548516e35fd7bca8,H_alpha_0.20,H_alpha,0.2,True,,,,both_censored,False
directional_calibrated_domain,transition,71,20270713,11,1523700734,completed,0.05,0.9,1.0,4.5,30,90,120,0.1,8343922879,sha256:0a994bea874fc9c47544169cd31bbc317c88690dfe1b6fa7548516e35fd7bca8,H_gamma_0.05,H_gamma,0.05,True,,,,both_censored,False
directional_calibrated_domain,transition,71,20270713,11,1523700734,completed,0.05,0.9,1.0,4.5,30,90,120,0.1,8343922879,sha256:0a994bea874fc9c47544169cd31bbc317c88690dfe1b6fa7548516e35fd7bca8,H_gamma_0.10,H_gamma,0.1,True,,,,both_censored,False
directional_calibrated_domain,transition,71,20270713,11,1523700734,completed,0.05,0.9,1.0,4.5,30,90,120,0.1,8343922879,sha256:0a994bea874fc9c47544169cd31bbc317c88690dfe1b6fa7548516e35fd7bca8,H_gamma_0.20,H_gamma,0.2,True,,,,both_censored,False
directional_calibrated_domain,transition,72,20270713,12,1523700835,completed,0.05,0.9,1.0,4.5,30,90,120,0.1,8343922879,sha256:0a994bea874fc9c47544169cd31bbc317c88690dfe1b6fa7548516e35fd7bca8,H_alpha_0.05,H_alpha,0.05,True,1,,,trait_loss_censored,False
directional_calibrated_domain,transition,72,20270713,12,1523700835,completed,0.05,0.9,1.0,4.5,30,90,120,0.1,8343922879,sha256:0a994bea874fc9c47544169cd31bbc317c88690dfe1b6fa7548516e35fd7bca8,H_alpha_0.10,H_alpha,0.1,True,1,,,trait_loss_censored,False
directional_calibrated_domain,transition,72,20270713,12,1523700835,completed,0.05,0.9,1.0,4.5,30,90,120,0.1,8343922879,sha256:0a994bea874fc9c47544169cd31bbc317c88690dfe1b6fa7548516e35fd7bca8,H_alpha_0.20,H_alpha,0.2,True,1,,,trait_loss_censored,False
directional_calibrated_domain,transition,72,20270713,12,1523700835,completed,0.05,0.9,1.0,4.5,30,90,120,0.1,8343922879,sha256:0a994bea874fc9c47544169cd31bbc317c88690dfe1b6fa7548516e35fd7bca8,H_gamma_0.05,H_gamma,0.05,True,1,,,trait_loss_censored,False
directional_calibrated_domain,transition,72,20270713,12,1523700835,completed,0.05,0.9,1.0,4.5,30,90,120,0.1,8343922879,sha256:0a994bea874fc9c47544169cd31bbc317c88690dfe1b6fa7548516e35fd7bca8,H_gamma_0.10,H_gamma,0.1,True,1,,,trait_loss_censored,False
directional_calibrated_domain,transition,72,20270713,12,1523700835,completed,0.05,0.9,1.0,4.5,30,90,120,0.1,8343922879,sha256:0a994bea874fc9c47544169cd31bbc317c88690dfe1b6fa7548516e35fd7bca8,H_gamma_0.20,H_gamma,0.2,True,1,,,trait_loss_censored,False
directional_calibrated_domain,transition,73,20270713,13,1523700936,completed,0.05,0.9,1.0,4.5,30,90,120,0.1,8343922879,sha256:0a994bea874fc9c47544169cd31bbc317c88690dfe1b6fa7548516e35fd7bca8,H_alpha_0.05,H_alpha,0.05,False,,,,baseline_ineligible,False
directional_calibrated_domain,transition,73,20270713,13,1523700936,completed,0.05,0.9,1.0,4.5,30,90,120,0.1,8343922879,sha256:0a994bea874fc9c47544169cd31bbc317c88690dfe1b6fa7548516e35fd7bca8,H_alpha_0.10,H_alpha,0.1,False,,,,baseline_ineligible,False
directional_calibrated_domain,transition,73,20270713,13,1523700936,completed,0.05,0.9,1.0,4.5,30,90,120,0.1,8343922879,sha256:0a994bea874fc9c47544169cd31bbc317c88690dfe1b6fa7548516e35fd7bca8,H_alpha_0.20,H_alpha,0.2,False,,,,baseline_ineligible,False
directional_calibrated_domain,transition,73,20270713,13,1523700936,completed,0.05,0.9,1.0,4.5,30,90,120,0.1,8343922879,sha256:0a994bea874fc9c47544169cd31bbc317c88690dfe1b6fa7548516e35fd7bca8,H_gamma_0.05,H_gamma,0.05,False,,,,baseline_ineligible,False
directional_calibrated_domain,transition,73,20270713,13,1523700936,completed,0.05,0.9,1.0,4.5,30,90,120,0.1,8343922879,sha256:0a994bea874fc9c47544169cd31bbc317c88690dfe1b6fa7548516e35fd7bca8,H_gamma_0.10,H_gamma,0.1,False,,,,baseline_ineligible,False
directional_calibrated_domain,transition,73,20270713,13,1523700936,completed,0.05,0.9,1.0,4.5,30,90,120,0.1,8343922879,sha256:0a994bea874fc9c47544169cd31bbc317c88690dfe1b6fa7548516e35fd7bca8,H_gamma_0.20,H_gamma,0.2,False,,,,baseline_ineligible,False
directional_calibrated_domain,transition,74,20270713,14,1523701037,completed,0.05,0.9,1.0,4.5,30,90,120,0.1,8343922879,sha256:0a994bea874fc9c47544169cd31bbc317c88690dfe1b6fa7548516e35fd7bca8,H_alpha_0.05,H_alpha,0.05,True,,80,,warning_censored,False
directional_calibrated_domain,transition,74,20270713,14,1523701037,completed,0.05,0.9,1.0,4.5,30,90,120,0.1,8343922879,sha256:0a994bea874fc9c47544169cd31bbc317c88690dfe1b6fa7548516e35fd7bca8,H_alpha_0.10,H_alpha,0.1,True,,80,,warning_censored,False
directional_calibrated_domain,transition,74,20270713,14,1523701037,completed,0.05,0.9,1.0,4.5,30,90,120,0.1,8343922879,sha256:0a994bea874fc9c47544169cd31bbc317c88690dfe1b6fa7548516e35fd7bca8,H_alpha_0.20,H_alpha,0.2,True,,80,,warning_censored,False
directional_calibrated_domain,transition,74,20270713,14,1523701037,completed,0.05,0.9,1.0,4.5,30,90,120,0.1,8343922879,sha256:0a994bea874fc9c47544169cd31bbc317c88690dfe1b6fa7548516e35fd7bca8,H_gamma_0.05,H_gamma,0.05,True,,80,,warning_censored,False
directional_calibrated_domain,transition,74,20270713,14,1523701037,completed,0.05,0.9,1.0,4.5,30,90,120,0.1,8343922879,sha256:0a994bea874fc9c47544169cd31bbc317c88690dfe1b6fa7548516e35fd7bca8,H_gamma_0.10,H_gamma,0.1,True,,80,,warning_censored,False
directional_calibrated_domain,transition,74,20270713,14,1523701037,completed,0.05,0.9,1.0,4.5,30,90,120,0.1,8343922879,sha256:0a994bea874fc9c47544169cd31bbc317c88690dfe1b6fa7548516e35fd7bca8,H_gamma_0.20,H_gamma,0.2,True,,80,,warning_censored,False
directional_calibrated_domain,transition,75,20270713,15,1523701138,completed,0.05,0.9,1.0,4.5,30,90,120,0.1,8343922879,sha256:0a994bea874fc9c47544169cd31bbc317c88690dfe1b6fa7548516e35fd7bca8,H_alpha_0.05,H_alpha,0.05,True,,91,,warning_censored,False
directional_calibrated_domain,transition,75,20270713,15,1523701138,completed,0.05,0.9,1.0,4.5,30,90,120,0.1,8343922879,sha256:0a994bea874fc9c47544169cd31bbc317c88690dfe1b6fa7548516e35fd7bca8,H_alpha_0.10,H_alpha,0.1,True,,91,,warning_censored,False
directional_calibrated_domain,transition,75,20270713,15,1523701138,completed,0.05,0.9,1.0,4.5,30,90,120,0.1,8343922879,sha256:0a994bea874fc9c47544169cd31bbc317c88690dfe1b6fa7548516e35fd7bca8,H_alpha_0.20,H_alpha,0.2,True,,91,,warning_censored,False
directional_calibrated_domain,transition,75,20270713,15,1523701138,completed,0.05,0.9,1.0,4.5,30,90,120,0.1,8343922879,sha256:0a994bea874fc9c47544169cd31bbc317c88690dfe1b6fa7548516e35fd7bca8,H_gamma_0.05,H_gamma,0.05,True,,91,,warning_censored,False
directional_calibrated_domain,transition,75,20270713,15,1523701138,completed,0.05,0.9,1.0,4.5,30,90,120,0.1,8343922879,sha256:0a994bea874fc9c47544169cd31bbc317c88690dfe1b6fa7548516e35fd7bca8,H_gamma_0.10,H_gamma,0.1,True,,91,,warning_censored,False
directional_calibrated_domain,transition,75,20270713,15,1523701138,completed,0.05,0.9,1.0,4.5,30,90,120,0.1,8343922879,sha256:0a994bea874fc9c47544169cd31bbc317c88690dfe1b6fa7548516e35fd7bca8,H_gamma_0.20,H_gamma,0.2,True,,91,,warning_censored,False
directional_calibrated_domain,transition,76,20270713,16,1523701239,completed,0.05,0.9,1.0,4.5,30,90,120,0.1,8343922879,sha256:0a994bea874fc9c47544169cd31bbc317c88690dfe1b6fa7548516e35fd7bca8,H_alpha_0.05,H_alpha,0.05,True,,,,both_censored,False
directional_calibrated_domain,transition,76,20270713,16,1523701239,completed,0.05,0.9,1.0,4.5,30,90,120,0.1,8343922879,sha256:0a994bea874fc9c47544169cd31bbc317c88690dfe1b6fa7548516e35fd7bca8,H_alpha_0.10,H_alpha,0.1,True,,,,both_censored,False
directional_calibrated_domain,transition,76,20270713,16,1523701239,completed,0.05,0.9,1.0,4.5,30,90,120,0.1,8343922879,sha256:0a994bea874fc9c47544169cd31bbc317c88690dfe1b6fa7548516e35fd7bca8,H_alpha_0.20,H_alpha,0.2,True,,,,both_censored,False
directional_calibrated_domain,transition,76,20270713,16,1523701239,completed,0.05,0.9,1.0,4.5,30,90,120,0.1,8343922879,sha256:0a994bea874fc9c47544169cd31bbc317c88690dfe1b6fa7548516e35fd7bca8,H_gamma_0.05,H_gamma,0.05,True,,,,both_censored,False
directional_calibrated_domain,transition,76,20270713,16,1523701239,completed,0.05,0.9,1.0,4.5,30,90,120,0.1,8343922879,sha256:0a994bea874fc9c47544169cd31bbc317c88690dfe1b6fa7548516e35fd7bca8,H_gamma_0.10,H_gamma,0.1,True,,,,both_censored,False
directional_calibrated_domain,transition,76,20270713,16,1523701239,completed,0.05,0.9,1.0,4.5,30,90,120,0.1,8343922879,sha256:0a994bea874fc9c47544169cd31bbc317c88690dfe1b6fa7548516e35fd7bca8,H_gamma_0.20,H_gamma,0.2,True,,,,both_censored,False
directional_calibrated_domain,transition,77,20270713,17,1523701340,completed,0.05,0.9,1.0,4.5,30,90,120,0.1,8343922879,sha256:0a994bea874fc9c47544169cd31bbc317c88690dfe1b6fa7548516e35fd7bca8,H_alpha_0.05,H_alpha,0.05,True,7,,,trait_loss_censored,False
directional_calibrated_domain,transition,77,20270713,17,1523701340,completed,0.05,0.9,1.0,4.5,30,90,120,0.1,8343922879,sha256:0a994bea874fc9c47544169cd31bbc317c88690dfe1b6fa7548516e35fd7bca8,H_alpha_0.10,H_alpha,0.1,True,7,,,trait_loss_censored,False
directional_calibrated_domain,transition,77,20270713,17,1523701340,completed,0.05,0.9,1.0,4.5,30,90,120,0.1,8343922879,sha256:0a994bea874fc9c47544169cd31bbc317c88690dfe1b6fa7548516e35fd7bca8,H_alpha_0.20,H_alpha,0.2,True,7,,,trait_loss_censored,False
directional_calibrated_domain,transition,77,20270713,17,1523701340,completed,0.05,0.9,1.0,4.5,30,90,120,0.1,8343922879,sha256:0a994bea874fc9c47544169cd31bbc317c88690dfe1b6fa7548516e35fd7bca8,H_gamma_0.05,H_gamma,0.05,True,7,,,trait_loss_censored,False
directional_calibrated_domain,transition,77,20270713,17,1523701340,completed,0.05,0.9,1.0,4.5,30,90,120,0.1,8343922879,sha256:0a994bea874fc9c47544169cd31bbc317c88690dfe1b6fa7548516e35fd7bca8,H_gamma_0.10,H_gamma,0.1,True,7,,,trait_loss_censored,False
directional_calibrated_domain,transition,77,20270713,17,1523701340,completed,0.05,0.9,1.0,4.5,30,90,120,0.1,8343922879,sha256:0a994bea874fc9c47544169cd31bbc317c88690dfe1b6fa7548516e35fd7bca8,H_gamma_0.20,H_gamma,0.2,True,7,,,trait_loss_censored,False
directional_calibrated_domain,transition,78,20270713,18,1523701441,completed,0.05,0.9,1.0,4.5,30,90,120,0.1,8343922879,sha256:0a994bea874fc9c47544169cd31bbc317c88690dfe1b6fa7548516e35fd7bca8,H_alpha_0.05,H_alpha,0.05,True,1,,,trait_loss_censored,False
directional_calibrated_domain,transition,78,20270713,18,1523701441,completed,0.05,0.9,1.0,4.5,30,90,120,0.1,8343922879,sha256:0a994bea874fc9c47544169cd31bbc317c88690dfe1b6fa7548516e35fd7bca8,H_alpha_0.10,H_alpha,0.1,True,1,,,trait_loss_censored,False
directional_calibrated_domain,transition,78,20270713,18,1523701441,completed,0.05,0.9,1.0,4.5,30,90,120,0.1,8343922879,sha256:0a994bea874fc9c47544169cd31bbc317c88690dfe1b6fa7548516e35fd7bca8,H_alpha_0.20,H_alpha,0.2,True,1,,,trait_loss_censored,False
directional_calibrated_domain,transition,78,20270713,18,1523701441,completed,0.05,0.9,1.0,4.5,30,90,120,0.1,8343922879,sha256:0a994bea874fc9c47544169cd31bbc317c88690dfe1b6fa7548516e35fd7bca8,H_gamma_0.05,H_gamma,0.05,True,1,,,trait_loss_censored,False
directional_calibrated_domain,transition,78,20270713,18,1523701441,completed,0.05,0.9,1.0,4.5,30,90,120,0.1,8343922879,sha256:0a994bea874fc9c47544169cd31bbc317c88690dfe1b6fa7548516e35fd7bca8,H_gamma_0.10,H_gamma,0.1,True,1,,,trait_loss_censored,False
directional_calibrated_domain,transition,78,20270713,18,1523701441,completed,0.05,0.9,1.0,4.5,30,90,120,0.1,8343922879,sha256:0a994bea874fc9c47544169cd31bbc317c88690dfe1b6fa7548516e35fd7bca8,H_gamma_0.20,H_gamma,0.2,True,1,,,trait_loss_censored,False
directional_calibrated_domain,transition,79,20270713,19,1523701542,completed,0.05,0.9,1.0,4.5,30,90,120,0.1,8343922879,sha256:0a994bea874fc9c47544169cd31bbc317c88690dfe1b6fa7548516e35fd7bca8,H_alpha_0.05,H_alpha,0.05,True,19,,,trait_loss_censored,False
directional_calibrated_domain,transition,79,20270713,19,1523701542,completed,0.05,0.9,1.0,4.5,30,90,120,0.1,8343922879,sha256:0a994bea874fc9c47544169cd31bbc317c88690dfe1b6fa7548516e35fd7bca8,H_alpha_0.10,H_alpha,0.1,True,19,,,trait_loss_censored,False
directional_calibrated_domain,transition,79,20270713,19,1523701542,completed,0.05,0.9,1.0,4.5,30,90,120,0.1,8343922879,sha256:0a994bea874fc9c47544169cd31bbc317c88690dfe1b6fa7548516e35fd7bca8,H_alpha_0.20,H_alpha,0.2,True,19,,,trait_loss_censored,False
directional_calibrated_domain,transition,79,20270713,19,1523701542,completed,0.05,0.9,1.0,4.5,30,90,120,0.1,8343922879,sha256:0a994bea874fc9c47544169cd31bbc317c88690dfe1b6fa7548516e35fd7bca8,H_gamma_0.05,H_gamma,0.05,True,,,,both_censored,False
directional_calibrated_domain,transition,79,20270713,19,1523701542,completed,0.05,0.9,1.0,4.5,30,90,120,0.1,8343922879,sha256:0a994bea874fc9c47544169cd31bbc317c88690dfe1b6fa7548516e35fd7bca8,H_gamma_0.10,H_gamma,0.1,True,,,,both_censored,False
directional_calibrated_domain,transition,79,20270713,19,1523701542,completed,0.05,0.9,1.0,4.5,30,90,120,0.1,8343922879,sha256:0a994bea874fc9c47544169cd31bbc317c88690dfe1b6fa7548516e35fd7bca8,H_gamma_0.20,H_gamma,0.2,True,,,,both_censored,False
directional_calibrated_domain,transition,80,20270714,0,802320130,completed,0.05,0.9,1.0,4.5,30,90,120,0.1,8343922879,sha256:0a994bea874fc9c47544169cd31bbc317c88690dfe1b6fa7548516e35fd7bca8,H_alpha_0.05,H_alpha,0.05,True,26,118,92,lead,True
directional_calibrated_domain,transition,80,20270714,0,802320130,completed,0.05,0.9,1.0,4.5,30,90,120,0.1,8343922879,sha256:0a994bea874fc9c47544169cd31bbc317c88690dfe1b6fa7548516e35fd7bca8,H_alpha_0.10,H_alpha,0.1,True,26,118,92,lead,True
directional_calibrated_domain,transition,80,20270714,0,802320130,completed,0.05,0.9,1.0,4.5,30,90,120,0.1,8343922879,sha256:0a994bea874fc9c47544169cd31bbc317c88690dfe1b6fa7548516e35fd7bca8,H_alpha_0.20,H_alpha,0.2,True,26,118,92,lead,True
directional_calibrated_domain,transition,80,20270714,0,802320130,completed,0.05,0.9,1.0,4.5,30,90,120,0.1,8343922879,sha256:0a994bea874fc9c47544169cd31bbc317c88690dfe1b6fa7548516e35fd7bca8,H_gamma_0.05,H_gamma,0.05,True,,118,,warning_censored,False
directional_calibrated_domain,transition,80,20270714,0,802320130,completed,0.05,0.9,1.0,4.5,30,90,120,0.1,8343922879,sha256:0a994bea874fc9c47544169cd31bbc317c88690dfe1b6fa7548516e35fd7bca8,H_gamma_0.10,H_gamma,0.1,True,,118,,warning_censored,False
directional_calibrated_domain,transition,80,20270714,0,802320130,completed,0.05,0.9,1.0,4.5,30,90,120,0.1,8343922879,sha256:0a994bea874fc9c47544169cd31bbc317c88690dfe1b6fa7548516e35fd7bca8,H_gamma_0.20,H_gamma,0.2,True,,118,,warning_censored,False
directional_calibrated_domain,transition,81,20270714,1,802320231,source_preparation_failed,0.05,0.9,1.0,4.5,30,90,120,0.1,8343922879,sha256:0a994bea874fc9c47544169cd31bbc317c88690dfe1b6fa7548516e35fd7bca8,H_alpha_0.05,H_alpha,0.05,False,,,,source_preparation_failed,False
directional_calibrated_domain,transition,81,20270714,1,802320231,source_preparation_failed,0.05,0.9,1.0,4.5,30,90,120,0.1,8343922879,sha256:0a994bea874fc9c47544169cd31bbc317c88690dfe1b6fa7548516e35fd7bca8,H_alpha_0.10,H_alpha,0.1,False,,,,source_preparation_failed,False
directional_calibrated_domain,transition,81,20270714,1,802320231,source_preparation_failed,0.05,0.9,1.0,4.5,30,90,120,0.1,8343922879,sha256:0a994bea874fc9c47544169cd31bbc317c88690dfe1b6fa7548516e35fd7bca8,H_alpha_0.20,H_alpha,0.2,False,,,,source_preparation_failed,False
directional_calibrated_domain,transition,81,20270714,1,802320231,source_preparation_failed,0.05,0.9,1.0,4.5,30,90,120,0.1,8343922879,sha256:0a994bea874fc9c47544169cd31bbc317c88690dfe1b6fa7548516e35fd7bca8,H_gamma_0.05,H_gamma,0.05,False,,,,source_preparation_failed,False
directional_calibrated_domain,transition,81,20270714,1,802320231,source_preparation_failed,0.05,0.9,1.0,4.5,30,90,120,0.1,8343922879,sha256:0a994bea874fc9c47544169cd31bbc317c88690dfe1b6fa7548516e35fd7bca8,H_gamma_0.10,H_gamma,0.1,False,,,,source_preparation_failed,False
directional_calibrated_domain,transition,81,20270714,1,802320231,source_preparation_failed,0.05,0.9,1.0,4.5,30,90,120,0.1,8343922879,sha256:0a994bea874fc9c47544169cd31bbc317c88690dfe1b6fa7548516e35fd7bca8,H_gamma_0.20,H_gamma,0.2,False,,,,source_preparation_failed,False
directional_calibrated_domain,transition,82,20270714,2,802320332,completed,0.05,0.9,1.0,4.5,30,90,120,0.1,8343922879,sha256:0a994bea874fc9c47544169cd31bbc317c88690dfe1b6fa7548516e35fd7bca8,H_alpha_0.05,H_alpha,0.05,True,,113,,warning_censored,False
directional_calibrated_domain,transition,82,20270714,2,802320332,completed,0.05,0.9,1.0,4.5,30,90,120,0.1,8343922879,sha256:0a994bea874fc9c47544169cd31bbc317c88690dfe1b6fa7548516e35fd7bca8,H_alpha_0.10,H_alpha,0.1,True,,113,,warning_censored,False
directional_calibrated_domain,transition,82,20270714,2,802320332,completed,0.05,0.9,1.0,4.5,30,90,120,0.1,8343922879,sha256:0a994bea874fc9c47544169cd31bbc317c88690dfe1b6fa7548516e35fd7bca8,H_alpha_0.20,H_alpha,0.2,True,,113,,warning_censored,False
directional_calibrated_domain,transition,82,20270714,2,802320332,completed,0.05,0.9,1.0,4.5,30,90,120,0.1,8343922879,sha256:0a994bea874fc9c47544169cd31bbc317c88690dfe1b6fa7548516e35fd7bca8,H_gamma_0.05,H_gamma,0.05,True,,113,,warning_censored,False
directional_calibrated_domain,transition,82,20270714,2,802320332,completed,0.05,0.9,1.0,4.5,30,90,120,0.1,8343922879,sha256:0a994bea874fc9c47544169cd31bbc317c88690dfe1b6fa7548516e35fd7bca8,H_gamma_0.10,H_gamma,0.1,True,,113,,warning_censored,False
directional_calibrated_domain,transition,82,20270714,2,802320332,completed,0.05,0.9,1.0,4.5,30,90,120,0.1,8343922879,sha256:0a994bea874fc9c47544169cd31bbc317c88690dfe1b6fa7548516e35fd7bca8,H_gamma_0.20,H_gamma,0.2,True,,113,,warning_censored,False
directional_calibrated_domain,transition,83,20270714,3,802320433,completed,0.05,0.9,1.0,4.5,30,90,120,0.1,8343922879,sha256:0a994bea874fc9c47544169cd31bbc317c88690dfe1b6fa7548516e35fd7bca8,H_alpha_0.05,H_alpha,0.05,True,2,94,92,lead,True
directional_calibrated_domain,transition,83,20270714,3,802320433,completed,0.05,0.9,1.0,4.5,30,90,120,0.1,8343922879,sha256:0a994bea874fc9c47544169cd31bbc317c88690dfe1b6fa7548516e35fd7bca8,H_alpha_0.10,H_alpha,0.1,True,2,94,92,lead,True
directional_calibrated_domain,transition,83,20270714,3,802320433,completed,0.05,0.9,1.0,4.5,30,90,120,0.1,8343922879,sha256:0a994bea874fc9c47544169cd31bbc317c88690dfe1b6fa7548516e35fd7bca8,H_alpha_0.20,H_alpha,0.2,True,5,94,89,lead,True
directional_calibrated_domain,transition,83,20270714,3,802320433,completed,0.05,0.9,1.0,4.5,30,90,120,0.1,8343922879,sha256:0a994bea874fc9c47544169cd31bbc317c88690dfe1b6fa7548516e35fd7bca8,H_gamma_0.05,H_gamma,0.05,True,2,94,92,lead,True
directional_calibrated_domain,transition,83,20270714,3,802320433,completed,0.05,0.9,1.0,4.5,30,90,120,0.1,8343922879,sha256:0a994bea874fc9c47544169cd31bbc317c88690dfe1b6fa7548516e35fd7bca8,H_gamma_0.10,H_gamma,0.1,True,2,94,92,lead,True
directional_calibrated_domain,transition,83,20270714,3,802320433,completed,0.05,0.9,1.0,4.5,30,90,120,0.1,8343922879,sha256:0a994bea874fc9c47544169cd31bbc317c88690dfe1b6fa7548516e35fd7bca8,H_gamma_0.20,H_gamma,0.2,True,5,94,89,lead,True
directional_calibrated_domain,transition,84,20270714,4,802320534,completed,0.05,0.9,1.0,4.5,30,90,120,0.1,8343922879,sha256:0a994bea874fc9c47544169cd31bbc317c88690dfe1b6fa7548516e35fd7bca8,H_alpha_0.05,H_alpha,0.05,True,1,,,trait_loss_censored,False
directional_calibrated_domain,transition,84,20270714,4,802320534,completed,0.05,0.9,1.0,4.5,30,90,120,0.1,8343922879,sha256:0a994bea874fc9c47544169cd31bbc317c88690dfe1b6fa7548516e35fd7bca8,H_alpha_0.10,H_alpha,0.1,True,2,,,trait_loss_censored,False
directional_calibrated_domain,transition,84,20270714,4,802320534,completed,0.05,0.9,1.0,4.5,30,90,120,0.1,8343922879,sha256:0a994bea874fc9c47544169cd31bbc317c88690dfe1b6fa7548516e35fd7bca8,H_alpha_0.20,H_alpha,0.2,True,2,,,trait_loss_censored,False
directional_calibrated_domain,transition,84,20270714,4,802320534,completed,0.05,0.9,1.0,4.5,30,90,120,0.1,8343922879,sha256:0a994bea874fc9c47544169cd31bbc317c88690dfe1b6fa7548516e35fd7bca8,H_gamma_0.05,H_gamma,0.05,True,2,,,trait_loss_censored,False
directional_calibrated_domain,transition,84,20270714,4,802320534,completed,0.05,0.9,1.0,4.5,30,90,120,0.1,8343922879,sha256:0a994bea874fc9c47544169cd31bbc317c88690dfe1b6fa7548516e35fd7bca8,H_gamma_0.10,H_gamma,0.1,True,2,,,trait_loss_censored,False
directional_calibrated_domain,transition,84,20270714,4,802320534,completed,0.05,0.9,1.0,4.5,30,90,120,0.1,8343922879,sha256:0a994bea874fc9c47544169cd31bbc317c88690dfe1b6fa7548516e35fd7bca8,H_gamma_0.20,H_gamma,0.2,True,2,,,trait_loss_censored,False
directional_calibrated_domain,transition,85,20270714,5,802320635,completed,0.05,0.9,1.0,4.5,30,90,120,0.1,8343922879,sha256:0a994bea874fc9c47544169cd31bbc317c88690dfe1b6fa7548516e35fd7bca8,H_alpha_0.05,H_alpha,0.05,True,9,107,98,lead,True
directional_calibrated_domain,transition,85,20270714,5,802320635,completed,0.05,0.9,1.0,4.5,30,90,120,0.1,8343922879,sha256:0a994bea874fc9c47544169cd31bbc317c88690dfe1b6fa7548516e35fd7bca8,H_alpha_0.10,H_alpha,0.1,True,9,107,98,lead,True
directional_calibrated_domain,transition,85,20270714,5,802320635,completed,0.05,0.9,1.0,4.5,30,90,120,0.1,8343922879,sha256:0a994bea874fc9c47544169cd31bbc317c88690dfe1b6fa7548516e35fd7bca8,H_alpha_0.20,H_alpha,0.2,True,9,107,98,lead,True
directional_calibrated_domain,transition,85,20270714,5,802320635,completed,0.05,0.9,1.0,4.5,30,90,120,0.1,8343922879,sha256:0a994bea874fc9c47544169cd31bbc317c88690dfe1b6fa7548516e35fd7bca8,H_gamma_0.05,H_gamma,0.05,True,109,107,-2,lag,True
directional_calibrated_domain,transition,85,20270714,5,802320635,completed,0.05,0.9,1.0,4.5,30,90,120,0.1,8343922879,sha256:0a994bea874fc9c47544169cd31bbc317c88690dfe1b6fa7548516e35fd7bca8,H_gamma_0.10,H_gamma,0.1,True,109,107,-2,lag,True
directional_calibrated_domain,transition,85,20270714,5,802320635,completed,0.05,0.9,1.0,4.5,30,90,120,0.1,8343922879,sha256:0a994bea874fc9c47544169cd31bbc317c88690dfe1b6fa7548516e35fd7bca8,H_gamma_0.20,H_gamma,0.2,True,109,107,-2,lag,True
directional_calibrated_domain,transition,86,20270714,6,802320736,completed,0.05,0.9,1.0,4.5,30,90,120,0.1,8343922879,sha256:0a994bea874fc9c47544169cd31bbc317c88690dfe1b6fa7548516e35fd7bca8,H_alpha_0.05,H_alpha,0.05,True,1,90,89,lead,True
directional_calibrated_domain,transition,86,20270714,6,802320736,completed,0.05,0.9,1.0,4.5,30,90,120,0.1,8343922879,sha256:0a994bea874fc9c47544169cd31bbc317c88690dfe1b6fa7548516e35fd7bca8,H_alpha_0.10,H_alpha,0.1,True,1,90,89,lead,True
directional_calibrated_domain,transition,86,20270714,6,802320736,completed,0.05,0.9,1.0,4.5,30,90,120,0.1,8343922879,sha256:0a994bea874fc9c47544169cd31bbc317c88690dfe1b6fa7548516e35fd7bca8,H_alpha_0.20,H_alpha,0.2,True,1,90,89,lead,True
directional_calibrated_domain,transition,86,20270714,6,802320736,completed,0.05,0.9,1.0,4.5,30,90,120,0.1,8343922879,sha256:0a994bea874fc9c47544169cd31bbc317c88690dfe1b6fa7548516e35fd7bca8,H_gamma_0.05,H_gamma,0.05,True,1,90,89,lead,True
directional_calibrated_domain,transition,86,20270714,6,802320736,completed,0.05,0.9,1.0,4.5,30,90,120,0.1,8343922879,sha256:0a994bea874fc9c47544169cd31bbc317c88690dfe1b6fa7548516e35fd7bca8,H_gamma_0.10,H_gamma,0.1,True,1,90,89,lead,True
directional_calibrated_domain,transition,86,20270714,6,802320736,completed,0.05,0.9,1.0,4.5,30,90,120,0.1,8343922879,sha256:0a994bea874fc9c47544169cd31bbc317c88690dfe1b6fa7548516e35fd7bca8,H_gamma_0.20,H_gamma,0.2,True,1,90,89,lead,True
directional_calibrated_domain,transition,87,20270714,7,802320837,completed,0.05,0.9,1.0,4.5,30,90,120,0.1,8343922879,sha256:0a994bea874fc9c47544169cd31bbc317c88690dfe1b6fa7548516e35fd7bca8,H_alpha_0.05,H_alpha,0.05,True,,36,,warning_censored,False
directional_calibrated_domain,transition,87,20270714,7,802320837,completed,0.05,0.9,1.0,4.5,30,90,120,0.1,8343922879,sha256:0a994bea874fc9c47544169cd31bbc317c88690dfe1b6fa7548516e35fd7bca8,H_alpha_0.10,H_alpha,0.1,True,,36,,warning_censored,False
directional_calibrated_domain,transition,87,20270714,7,802320837,completed,0.05,0.9,1.0,4.5,30,90,120,0.1,8343922879,sha256:0a994bea874fc9c47544169cd31bbc317c88690dfe1b6fa7548516e35fd7bca8,H_alpha_0.20,H_alpha,0.2,True,,36,,warning_censored,False
directional_calibrated_domain,transition,87,20270714,7,802320837,completed,0.05,0.9,1.0,4.5,30,90,120,0.1,8343922879,sha256:0a994bea874fc9c47544169cd31bbc317c88690dfe1b6fa7548516e35fd7bca8,H_gamma_0.05,H_gamma,0.05,True,,36,,warning_censored,False
directional_calibrated_domain,transition,87,20270714,7,802320837,completed,0.05,0.9,1.0,4.5,30,90,120,0.1,8343922879,sha256:0a994bea874fc9c47544169cd31bbc317c88690dfe1b6fa7548516e35fd7bca8,H_gamma_0.10,H_gamma,0.1,True,,36,,warning_censored,False
directional_calibrated_domain,transition,87,20270714,7,802320837,completed,0.05,0.9,1.0,4.5,30,90,120,0.1,8343922879,sha256:0a994bea874fc9c47544169cd31bbc317c88690dfe1b6fa7548516e35fd7bca8,H_gamma_0.20,H_gamma,0.2,True,,36,,warning_censored,False
directional_calibrated_domain,transition,88,20270714,8,802320938,completed,0.05,0.9,1.0,4.5,30,90,120,0.1,8343922879,sha256:0a994bea874fc9c47544169cd31bbc317c88690dfe1b6fa7548516e35fd7bca8,H_alpha_0.05,H_alpha,0.05,True,25,100,75,lead,True
directional_calibrated_domain,transition,88,20270714,8,802320938,completed,0.05,0.9,1.0,4.5,30,90,120,0.1,8343922879,sha256:0a994bea874fc9c47544169cd31bbc317c88690dfe1b6fa7548516e35fd7bca8,H_alpha_0.10,H_alpha,0.1,True,25,100,75,lead,True
directional_calibrated_domain,transition,88,20270714,8,802320938,completed,0.05,0.9,1.0,4.5,30,90,120,0.1,8343922879,sha256:0a994bea874fc9c47544169cd31bbc317c88690dfe1b6fa7548516e35fd7bca8,H_alpha_0.20,H_alpha,0.2,True,25,100,75,lead,True
directional_calibrated_domain,transition,88,20270714,8,802320938,completed,0.05,0.9,1.0,4.5,30,90,120,0.1,8343922879,sha256:0a994bea874fc9c47544169cd31bbc317c88690dfe1b6fa7548516e35fd7bca8,H_gamma_0.05,H_gamma,0.05,True,100,100,0,tie,True
directional_calibrated_domain,transition,88,20270714,8,802320938,completed,0.05,0.9,1.0,4.5,30,90,120,0.1,8343922879,sha256:0a994bea874fc9c47544169cd31bbc317c88690dfe1b6fa7548516e35fd7bca8,H_gamma_0.10,H_gamma,0.1,True,100,100,0,tie,True
directional_calibrated_domain,transition,88,20270714,8,802320938,completed,0.05,0.9,1.0,4.5,30,90,120,0.1,8343922879,sha256:0a994bea874fc9c47544169cd31bbc317c88690dfe1b6fa7548516e35fd7bca8,H_gamma_0.20,H_gamma,0.2,True,106,100,-6,lag,True
directional_calibrated_domain,transition,89,20270714,9,802321039,completed,0.05,0.9,1.0,4.5,30,90,120,0.1,8343922879,sha256:0a994bea874fc9c47544169cd31bbc317c88690dfe1b6fa7548516e35fd7bca8,H_alpha_0.05,H_alpha,0.05,True,48,,,trait_loss_censored,False
directional_calibrated_domain,transition,89,20270714,9,802321039,completed,0.05,0.9,1.0,4.5,30,90,120,0.1,8343922879,sha256:0a994bea874fc9c47544169cd31bbc317c88690dfe1b6fa7548516e35fd7bca8,H_alpha_0.10,H_alpha,0.1,True,48,,,trait_loss_censored,False
directional_calibrated_domain,transition,89,20270714,9,802321039,completed,0.05,0.9,1.0,4.5,30,90,120,0.1,8343922879,sha256:0a994bea874fc9c47544169cd31bbc317c88690dfe1b6fa7548516e35fd7bca8,H_alpha_0.20,H_alpha,0.2,True,48,,,trait_loss_censored,False
directional_calibrated_domain,transition,89,20270714,9,802321039,completed,0.05,0.9,1.0,4.5,30,90,120,0.1,8343922879,sha256:0a994bea874fc9c47544169cd31bbc317c88690dfe1b6fa7548516e35fd7bca8,H_gamma_0.05,H_gamma,0.05,True,113,,,trait_loss_censored,False
directional_calibrated_domain,transition,89,20270714,9,802321039,completed,0.05,0.9,1.0,4.5,30,90,120,0.1,8343922879,sha256:0a994bea874fc9c47544169cd31bbc317c88690dfe1b6fa7548516e35fd7bca8,H_gamma_0.10,H_gamma,0.1,True,113,,,trait_loss_censored,False
directional_calibrated_domain,transition,89,20270714,9,802321039,completed,0.05,0.9,1.0,4.5,30,90,120,0.1,8343922879,sha256:0a994bea874fc9c47544169cd31bbc317c88690dfe1b6fa7548516e35fd7bca8,H_gamma_0.20,H_gamma,0.2,True,113,,,trait_loss_censored,False
directional_calibrated_domain,transition,90,20270714,10,802321140,completed,0.05,0.9,1.0,4.5,30,90,120,0.1,8343922879,sha256:0a994bea874fc9c47544169cd31bbc317c88690dfe1b6fa7548516e35fd7bca8,H_alpha_0.05,H_alpha,0.05,False,,86,,baseline_ineligible,False
directional_calibrated_domain,transition,90,20270714,10,802321140,completed,0.05,0.9,1.0,4.5,30,90,120,0.1,8343922879,sha256:0a994bea874fc9c47544169cd31bbc317c88690dfe1b6fa7548516e35fd7bca8,H_alpha_0.10,H_alpha,0.1,False,,86,,baseline_ineligible,False
directional_calibrated_domain,transition,90,20270714,10,802321140,completed,0.05,0.9,1.0,4.5,30,90,120,0.1,8343922879,sha256:0a994bea874fc9c47544169cd31bbc317c88690dfe1b6fa7548516e35fd7bca8,H_alpha_0.20,H_alpha,0.2,False,,86,,baseline_ineligible,False
directional_calibrated_domain,transition,90,20270714,10,802321140,completed,0.05,0.9,1.0,4.5,30,90,120,0.1,8343922879,sha256:0a994bea874fc9c47544169cd31bbc317c88690dfe1b6fa7548516e35fd7bca8,H_gamma_0.05,H_gamma,0.05,False,,86,,baseline_ineligible,False
directional_calibrated_domain,transition,90,20270714,10,802321140,completed,0.05,0.9,1.0,4.5,30,90,120,0.1,8343922879,sha256:0a994bea874fc9c47544169cd31bbc317c88690dfe1b6fa7548516e35fd7bca8,H_gamma_0.10,H_gamma,0.1,False,,86,,baseline_ineligible,False
directional_calibrated_domain,transition,90,20270714,10,802321140,completed,0.05,0.9,1.0,4.5,30,90,120,0.1,8343922879,sha256:0a994bea874fc9c47544169cd31bbc317c88690dfe1b6fa7548516e35fd7bca8,H_gamma_0.20,H_gamma,0.2,False,,86,,baseline_ineligible,False
directional_calibrated_domain,transition,91,20270714,11,802321241,completed,0.05,0.9,1.0,4.5,30,90,120,0.1,8343922879,sha256:0a994bea874fc9c47544169cd31bbc317c88690dfe1b6fa7548516e35fd7bca8,H_alpha_0.05,H_alpha,0.05,True,24,100,76,lead,True
directional_calibrated_domain,transition,91,20270714,11,802321241,completed,0.05,0.9,1.0,4.5,30,90,120,0.1,8343922879,sha256:0a994bea874fc9c47544169cd31bbc317c88690dfe1b6fa7548516e35fd7bca8,H_alpha_0.10,H_alpha,0.1,True,24,100,76,lead,True
directional_calibrated_domain,transition,91,20270714,11,802321241,completed,0.05,0.9,1.0,4.5,30,90,120,0.1,8343922879,sha256:0a994bea874fc9c47544169cd31bbc317c88690dfe1b6fa7548516e35fd7bca8,H_alpha_0.20,H_alpha,0.2,True,24,100,76,lead,True
directional_calibrated_domain,transition,91,20270714,11,802321241,completed,0.05,0.9,1.0,4.5,30,90,120,0.1,8343922879,sha256:0a994bea874fc9c47544169cd31bbc317c88690dfe1b6fa7548516e35fd7bca8,H_gamma_0.05,H_gamma,0.05,True,98,100,2,lead,True
directional_calibrated_domain,transition,91,20270714,11,802321241,completed,0.05,0.9,1.0,4.5,30,90,120,0.1,8343922879,sha256:0a994bea874fc9c47544169cd31bbc317c88690dfe1b6fa7548516e35fd7bca8,H_gamma_0.10,H_gamma,0.1,True,98,100,2,lead,True
directional_calibrated_domain,transition,91,20270714,11,802321241,completed,0.05,0.9,1.0,4.5,30,90,120,0.1,8343922879,sha256:0a994bea874fc9c47544169cd31bbc317c88690dfe1b6fa7548516e35fd7bca8,H_gamma_0.20,H_gamma,0.2,True,,100,,warning_censored,False
directional_calibrated_domain,transition,92,20270714,12,802321342,completed,0.05,0.9,1.0,4.5,30,90,120,0.1,8343922879,sha256:0a994bea874fc9c47544169cd31bbc317c88690dfe1b6fa7548516e35fd7bca8,H_alpha_0.05,H_alpha,0.05,True,34,,,trait_loss_censored,False
directional_calibrated_domain,transition,92,20270714,12,802321342,completed,0.05,0.9,1.0,4.5,30,90,120,0.1,8343922879,sha256:0a994bea874fc9c47544169cd31bbc317c88690dfe1b6fa7548516e35fd7bca8,H_alpha_0.10,H_alpha,0.1,True,34,,,trait_loss_censored,False
directional_calibrated_domain,transition,92,20270714,12,802321342,completed,0.05,0.9,1.0,4.5,30,90,120,0.1,8343922879,sha256:0a994bea874fc9c47544169cd31bbc317c88690dfe1b6fa7548516e35fd7bca8,H_alpha_0.20,H_alpha,0.2,True,34,,,trait_loss_censored,False
directional_calibrated_domain,transition,92,20270714,12,802321342,completed,0.05,0.9,1.0,4.5,30,90,120,0.1,8343922879,sha256:0a994bea874fc9c47544169cd31bbc317c88690dfe1b6fa7548516e35fd7bca8,H_gamma_0.05,H_gamma,0.05,True,,,,both_censored,False
directional_calibrated_domain,transition,92,20270714,12,802321342,completed,0.05,0.9,1.0,4.5,30,90,120,0.1,8343922879,sha256:0a994bea874fc9c47544169cd31bbc317c88690dfe1b6fa7548516e35fd7bca8,H_gamma_0.10,H_gamma,0.1,True,,,,both_censored,False
directional_calibrated_domain,transition,92,20270714,12,802321342,completed,0.05,0.9,1.0,4.5,30,90,120,0.1,8343922879,sha256:0a994bea874fc9c47544169cd31bbc317c88690dfe1b6fa7548516e35fd7bca8,H_gamma_0.20,H_gamma,0.2,True,,,,both_censored,False
directional_calibrated_domain,transition,93,20270714,13,802321443,completed,0.05,0.9,1.0,4.5,30,90,120,0.1,8343922879,sha256:0a994bea874fc9c47544169cd31bbc317c88690dfe1b6fa7548516e35fd7bca8,H_alpha_0.05,H_alpha,0.05,True,3,,,trait_loss_censored,False
directional_calibrated_domain,transition,93,20270714,13,802321443,completed,0.05,0.9,1.0,4.5,30,90,120,0.1,8343922879,sha256:0a994bea874fc9c47544169cd31bbc317c88690dfe1b6fa7548516e35fd7bca8,H_alpha_0.10,H_alpha,0.1,True,3,,,trait_loss_censored,False
directional_calibrated_domain,transition,93,20270714,13,802321443,completed,0.05,0.9,1.0,4.5,30,90,120,0.1,8343922879,sha256:0a994bea874fc9c47544169cd31bbc317c88690dfe1b6fa7548516e35fd7bca8,H_alpha_0.20,H_alpha,0.2,True,3,,,trait_loss_censored,False
directional_calibrated_domain,transition,93,20270714,13,802321443,completed,0.05,0.9,1.0,4.5,30,90,120,0.1,8343922879,sha256:0a994bea874fc9c47544169cd31bbc317c88690dfe1b6fa7548516e35fd7bca8,H_gamma_0.05,H_gamma,0.05,True,3,,,trait_loss_censored,False
directional_calibrated_domain,transition,93,20270714,13,802321443,completed,0.05,0.9,1.0,4.5,30,90,120,0.1,8343922879,sha256:0a994bea874fc9c47544169cd31bbc317c88690dfe1b6fa7548516e35fd7bca8,H_gamma_0.10,H_gamma,0.1,True,3,,,trait_loss_censored,False
directional_calibrated_domain,transition,93,20270714,13,802321443,completed,0.05,0.9,1.0,4.5,30,90,120,0.1,8343922879,sha256:0a994bea874fc9c47544169cd31bbc317c88690dfe1b6fa7548516e35fd7bca8,H_gamma_0.20,H_gamma,0.2,True,3,,,trait_loss_censored,False
directional_calibrated_domain,transition,94,20270714,14,802321544,completed,0.05,0.9,1.0,4.5,30,90,120,0.1,8343922879,sha256:0a994bea874fc9c47544169cd31bbc317c88690dfe1b6fa7548516e35fd7bca8,H_alpha_0.05,H_alpha,0.05,True,,30,,warning_censored,False
directional_calibrated_domain,transition,94,20270714,14,802321544,completed,0.05,0.9,1.0,4.5,30,90,120,0.1,8343922879,sha256:0a994bea874fc9c47544169cd31bbc317c88690dfe1b6fa7548516e35fd7bca8,H_alpha_0.10,H_alpha,0.1,True,,30,,warning_censored,False
directional_calibrated_domain,transition,94,20270714,14,802321544,completed,0.05,0.9,1.0,4.5,30,90,120,0.1,8343922879,sha256:0a994bea874fc9c47544169cd31bbc317c88690dfe1b6fa7548516e35fd7bca8,H_alpha_0.20,H_alpha,0.2,True,,30,,warning_censored,False
directional_calibrated_domain,transition,94,20270714,14,802321544,completed,0.05,0.9,1.0,4.5,30,90,120,0.1,8343922879,sha256:0a994bea874fc9c47544169cd31bbc317c88690dfe1b6fa7548516e35fd7bca8,H_gamma_0.05,H_gamma,0.05,True,,30,,warning_censored,False
directional_calibrated_domain,transition,94,20270714,14,802321544,completed,0.05,0.9,1.0,4.5,30,90,120,0.1,8343922879,sha256:0a994bea874fc9c47544169cd31bbc317c88690dfe1b6fa7548516e35fd7bca8,H_gamma_0.10,H_gamma,0.1,True,,30,,warning_censored,False
directional_calibrated_domain,transition,94,20270714,14,802321544,completed,0.05,0.9,1.0,4.5,30,90,120,0.1,8343922879,sha256:0a994bea874fc9c47544169cd31bbc317c88690dfe1b6fa7548516e35fd7bca8,H_gamma_0.20,H_gamma,0.2,True,,30,,warning_censored,False
directional_calibrated_domain,transition,95,20270714,15,802321645,completed,0.05,0.9,1.0,4.5,30,90,120,0.1,8343922879,sha256:0a994bea874fc9c47544169cd31bbc317c88690dfe1b6fa7548516e35fd7bca8,H_alpha_0.05,H_alpha,0.05,True,1,65,64,lead,True
directional_calibrated_domain,transition,95,20270714,15,802321645,completed,0.05,0.9,1.0,4.5,30,90,120,0.1,8343922879,sha256:0a994bea874fc9c47544169cd31bbc317c88690dfe1b6fa7548516e35fd7bca8,H_alpha_0.10,H_alpha,0.1,True,1,65,64,lead,True
directional_calibrated_domain,transition,95,20270714,15,802321645,completed,0.05,0.9,1.0,4.5,30,90,120,0.1,8343922879,sha256:0a994bea874fc9c47544169cd31bbc317c88690dfe1b6fa7548516e35fd7bca8,H_alpha_0.20,H_alpha,0.2,True,2,65,63,lead,True
directional_calibrated_domain,transition,95,20270714,15,802321645,completed,0.05,0.9,1.0,4.5,30,90,120,0.1,8343922879,sha256:0a994bea874fc9c47544169cd31bbc317c88690dfe1b6fa7548516e35fd7bca8,H_gamma_0.05,H_gamma,0.05,True,1,65,64,lead,True
directional_calibrated_domain,transition,95,20270714,15,802321645,completed,0.05,0.9,1.0,4.5,30,90,120,0.1,8343922879,sha256:0a994bea874fc9c47544169cd31bbc317c88690dfe1b6fa7548516e35fd7bca8,H_gamma_0.10,H_gamma,0.1,True,1,65,64,lead,True
directional_calibrated_domain,transition,95,20270714,15,802321645,completed,0.05,0.9,1.0,4.5,30,90,120,0.1,8343922879,sha256:0a994bea874fc9c47544169cd31bbc317c88690dfe1b6fa7548516e35fd7bca8,H_gamma_0.20,H_gamma,0.2,True,2,65,63,lead,True
directional_calibrated_domain,transition,96,20270714,16,802321746,completed,0.05,0.9,1.0,4.5,30,90,120,0.1,8343922879,sha256:0a994bea874fc9c47544169cd31bbc317c88690dfe1b6fa7548516e35fd7bca8,H_alpha_0.05,H_alpha,0.05,True,,69,,warning_censored,False
directional_calibrated_domain,transition,96,20270714,16,802321746,completed,0.05,0.9,1.0,4.5,30,90,120,0.1,8343922879,sha256:0a994bea874fc9c47544169cd31bbc317c88690dfe1b6fa7548516e35fd7bca8,H_alpha_0.10,H_alpha,0.1,True,,69,,warning_censored,False
directional_calibrated_domain,transition,96,20270714,16,802321746,completed,0.05,0.9,1.0,4.5,30,90,120,0.1,8343922879,sha256:0a994bea874fc9c47544169cd31bbc317c88690dfe1b6fa7548516e35fd7bca8,H_alpha_0.20,H_alpha,0.2,True,,69,,warning_censored,False
directional_calibrated_domain,transition,96,20270714,16,802321746,completed,0.05,0.9,1.0,4.5,30,90,120,0.1,8343922879,sha256:0a994bea874fc9c47544169cd31bbc317c88690dfe1b6fa7548516e35fd7bca8,H_gamma_0.05,H_gamma,0.05,True,,69,,warning_censored,False
directional_calibrated_domain,transition,96,20270714,16,802321746,completed,0.05,0.9,1.0,4.5,30,90,120,0.1,8343922879,sha256:0a994bea874fc9c47544169cd31bbc317c88690dfe1b6fa7548516e35fd7bca8,H_gamma_0.10,H_gamma,0.1,True,,69,,warning_censored,False
directional_calibrated_domain,transition,96,20270714,16,802321746,completed,0.05,0.9,1.0,4.5,30,90,120,0.1,8343922879,sha256:0a994bea874fc9c47544169cd31bbc317c88690dfe1b6fa7548516e35fd7bca8,H_gamma_0.20,H_gamma,0.2,True,,69,,warning_censored,False
directional_calibrated_domain,transition,97,20270714,17,802321847,completed,0.05,0.9,1.0,4.5,30,90,120,0.1,8343922879,sha256:0a994bea874fc9c47544169cd31bbc317c88690dfe1b6fa7548516e35fd7bca8,H_alpha_0.05,H_alpha,0.05,True,,95,,warning_censored,False
directional_calibrated_domain,transition,97,20270714,17,802321847,completed,0.05,0.9,1.0,4.5,30,90,120,0.1,8343922879,sha256:0a994bea874fc9c47544169cd31bbc317c88690dfe1b6fa7548516e35fd7bca8,H_alpha_0.10,H_alpha,0.1,True,,95,,warning_censored,False
directional_calibrated_domain,transition,97,20270714,17,802321847,completed,0.05,0.9,1.0,4.5,30,90,120,0.1,8343922879,sha256:0a994bea874fc9c47544169cd31bbc317c88690dfe1b6fa7548516e35fd7bca8,H_alpha_0.20,H_alpha,0.2,True,,95,,warning_censored,False
directional_calibrated_domain,transition,97,20270714,17,802321847,completed,0.05,0.9,1.0,4.5,30,90,120,0.1,8343922879,sha256:0a994bea874fc9c47544169cd31bbc317c88690dfe1b6fa7548516e35fd7bca8,H_gamma_0.05,H_gamma,0.05,True,,95,,warning_censored,False
directional_calibrated_domain,transition,97,20270714,17,802321847,completed,0.05,0.9,1.0,4.5,30,90,120,0.1,8343922879,sha256:0a994bea874fc9c47544169cd31bbc317c88690dfe1b6fa7548516e35fd7bca8,H_gamma_0.10,H_gamma,0.1,True,,95,,warning_censored,False
directional_calibrated_domain,transition,97,20270714,17,802321847,completed,0.05,0.9,1.0,4.5,30,90,120,0.1,8343922879,sha256:0a994bea874fc9c47544169cd31bbc317c88690dfe1b6fa7548516e35fd7bca8,H_gamma_0.20,H_gamma,0.2,True,,95,,warning_censored,False
directional_calibrated_domain,transition,98,20270714,18,802321948,completed,0.05,0.9,1.0,4.5,30,90,120,0.1,8343922879,sha256:0a994bea874fc9c47544169cd31bbc317c88690dfe1b6fa7548516e35fd7bca8,H_alpha_0.05,H_alpha,0.05,True,1,,,trait_loss_censored,False
directional_calibrated_domain,transition,98,20270714,18,802321948,completed,0.05,0.9,1.0,4.5,30,90,120,0.1,8343922879,sha256:0a994bea874fc9c47544169cd31bbc317c88690dfe1b6fa7548516e35fd7bca8,H_alpha_0.10,H_alpha,0.1,True,1,,,trait_loss_censored,False
directional_calibrated_domain,transition,98,20270714,18,802321948,completed,0.05,0.9,1.0,4.5,30,90,120,0.1,8343922879,sha256:0a994bea874fc9c47544169cd31bbc317c88690dfe1b6fa7548516e35fd7bca8,H_alpha_0.20,H_alpha,0.2,True,3,,,trait_loss_censored,False
directional_calibrated_domain,transition,98,20270714,18,802321948,completed,0.05,0.9,1.0,4.5,30,90,120,0.1,8343922879,sha256:0a994bea874fc9c47544169cd31bbc317c88690dfe1b6fa7548516e35fd7bca8,H_gamma_0.05,H_gamma,0.05,True,1,,,trait_loss_censored,False
directional_calibrated_domain,transition,98,20270714,18,802321948,completed,0.05,0.9,1.0,4.5,30,90,120,0.1,8343922879,sha256:0a994bea874fc9c47544169cd31bbc317c88690dfe1b6fa7548516e35fd7bca8,H_gamma_0.10,H_gamma,0.1,True,1,,,trait_loss_censored,False
directional_calibrated_domain,transition,98,20270714,18,802321948,completed,0.05,0.9,1.0,4.5,30,90,120,0.1,8343922879,sha256:0a994bea874fc9c47544169cd31bbc317c88690dfe1b6fa7548516e35fd7bca8,H_gamma_0.20,H_gamma,0.2,True,3,,,trait_loss_censored,False
directional_calibrated_domain,transition,99,20270714,19,802322049,completed,0.05,0.9,1.0,4.5,30,90,120,0.1,8343922879,sha256:0a994bea874fc9c47544169cd31bbc317c88690dfe1b6fa7548516e35fd7bca8,H_alpha_0.05,H_alpha,0.05,True,1,107,106,lead,True
directional_calibrated_domain,transition,99,20270714,19,802322049,completed,0.05,0.9,1.0,4.5,30,90,120,0.1,8343922879,sha256:0a994bea874fc9c47544169cd31bbc317c88690dfe1b6fa7548516e35fd7bca8,H_alpha_0.10,H_alpha,0.1,True,1,107,106,lead,True
directional_calibrated_domain,transition,99,20270714,19,802322049,completed,0.05,0.9,1.0,4.5,30,90,120,0.1,8343922879,sha256:0a994bea874fc9c47544169cd31bbc317c88690dfe1b6fa7548516e35fd7bca8,H_alpha_0.20,H_alpha,0.2,True,1,107,106,lead,True
directional_calibrated_domain,transition,99,20270714,19,802322049,completed,0.05,0.9,1.0,4.5,30,90,120,0.1,8343922879,sha256:0a994bea874fc9c47544169cd31bbc317c88690dfe1b6fa7548516e35fd7bca8,H_gamma_0.05,H_gamma,0.05,True,1,107,106,lead,True
directional_calibrated_domain,transition,99,20270714,19,802322049,completed,0.05,0.9,1.0,4.5,30,90,120,0.1,8343922879,sha256:0a994bea874fc9c47544169cd31bbc317c88690dfe1b6fa7548516e35fd7bca8,H_gamma_0.10,H_gamma,0.1,True,1,107,106,lead,True
directional_calibrated_domain,transition,99,20270714,19,802322049,completed,0.05,0.9,1.0,4.5,30,90,120,0.1,8343922879,sha256:0a994bea874fc9c47544169cd31bbc317c88690dfe1b6fa7548516e35fd7bca8,H_gamma_0.20,H_gamma,0.2,True,1,107,106,lead,True
